frequency,v1_0,v1_1,v1_2,v1_3,v1_4,v1_5,v1_6,v1_7,v1_8,v1_9,v1_10,v1_11,v1_12,v1_13,v1_14,v1_15,v1_16,v1_17,v1_18,v1_19,v1_20,v1_21,v1_22,v1_23,v1_24,v1_25,v1_26,v1_27,v1_28,v1_29,v1_30,v1_31,v2_0,v2_1,v2_2,v2_3,v2_4,v2_5,v2_6,v2_7,v2_8,v2_9,v2_10,v2_11,v2_12,v2_13,v2_14,v2_15,v2_16,v2_17,v2_18,v2_19,v2_20,v2_21,v2_22,v2_23,v2_24,v2_25,v2_26,v2_27,v2_28,v2_29,v2_30,v2_31,class
202186,-113.059,-114.662,-114.27,-114.52,-112.086,-110.503,-109.476,-107.942,-102.675,-97.0615,-91.1749,-87.9267,-86.718,-83.9584,-84.2326,-85.3285,-84.3819,-85.0448,-86.4016,-85.6094,-87.3089,-89.581,-93.8404,-97.8577,-101.988,-108.414,-110.999,-110.953,-113.543,-114.321,-113.724,-113.875,4.15179,3.07558,2.67508,3.02036,5.33112,4.89149,4.42244,3.65964,6.69474,6.18179,8.4496,7.85347,4.9558,4.35171,2.76992,4.15705,5.11548,5.06419,3.20982,5.51758,4.99063,5.78982,4.41185,3.47061,7.31136,5.36442,3.61581,4.8158,5.36169,3.02398,4.81486,4.59913,FM
202186,-104.505,-104.426,-104.255,-104.201,-103.839,-103.056,-101.702,-100.196,-98.0923,-96.2501,-94.1385,-91.9397,-89.4867,-87.5722,-86.1833,-82.7684,-82.7682,-86.5115,-87.7264,-90.176,-92.8254,-95.1707,-96.92,-98.585,-100.459,-101.507,-102.199,-102.74,-103.198,-103.602,-103.499,-103.521,4.58979,4.57128,4.64554,4.55738,4.65547,4.74563,4.90071,5.00349,5.15476,5.17378,5.22929,5.31978,5.69062,5.02581,4.98114,6.41808,6.67141,4.76308,5.31985,5.56551,5.18118,5.18634,5.07816,5.0942,4.95334,5.12101,4.82383,5.04274,5.24875,4.77017,5.13519,4.98254,FM
202186,-113.155,-113.458,-113.913,-113.916,-114.685,-114.86,-113.894,-113.908,-110.126,-110.131,-109.405,-106.01,-102.938,-93.8338,-90.7182,-83.9728,-82.0344,-89.4735,-94.3875,-98.5775,-108.961,-109.744,-110.345,-109.353,-112.117,-113.82,-114.225,-113.337,-114.109,-114.224,-114.161,-113.28,4.72466,4.30083,4.42057,5.0706,4.0714,5.11003,4.45509,3.73639,6.04889,4.36935,7.22522,6.70144,6.53805,8.59338,5.70227,8.71962,10.0989,11.447,7.4464,11.7842,5.18438,6.4432,5.71539,5.60916,5.09443,4.16783,4.6575,6.07785,4.98066,5.31506,2.8768,4.79429,FM
202186,-106.358,-105.612,-103.843,-102.632,-103.378,-102.076,-101.868,-101.113,-97.5544,-94.1179,-91.8304,-89.0761,-85.9741,-84.899,-83.3812,-83.3209,-83.3836,-82.3124,-84.0905,-82.9879,-88.2182,-91.7581,-92.1188,-95.5172,-98.7545,-98.4984,-100.884,-100.964,-103.193,-102.756,-103.529,-103.549,4.25398,3.80551,8.03212,4.39673,3.77831,4.28677,4.01217,3.69424,5.43847,6.40881,6.43387,4.17464,5.3559,3.35901,4.9295,5.02979,4.47773,5.54127,5.53716,7.00781,4.67096,5.1702,8.3747,4.60271,3.46349,6.21886,5.9347,6.17863,3.98833,4.34092,3.16868,5.08034,FM
202186,-105.802,-105.071,-102.948,-103.629,-101.705,-101.86,-101.836,-100.152,-96.1718,-95.4877,-91.1666,-90.8865,-86.7331,-85.9899,-84.8649,-84.8762,-84.7856,-83.539,-86.5234,-86.7907,-88.7959,-92.8025,-95.6183,-97.9393,-99.359,-101.649,-100.951,-102.369,-104.037,-102.076,-104.78,-103.487,2.90882,2.85377,4.82819,3.86133,6.35162,4.92668,5.03368,1.9008,6.80471,6.93322,6.18395,4.37497,6.10604,5.92283,6.01741,4.05761,4.11374,4.61688,3.9431,6.68288,4.17357,6.47521,4.11613,4.98662,5.83704,3.76546,4.47482,3.69302,6.30826,2.98325,3.59693,5.61285,FM
202186,-129.131,-130.231,-126.839,-124.106,-119.474,-117.764,-114.234,-108.648,-103.827,-96.9203,-92.1309,-86.291,-83.0471,-82.8165,-80.2268,-80.0794,-80.2848,-81.4579,-83.1423,-84.5068,-87.9055,-91.7974,-98.1648,-104.243,-109.916,-113.085,-117.054,-118.831,-123.554,-128.111,-128.68,-128.444,3.47958,2.93404,3.78389,5.02129,8.23697,4.84332,5.98236,5.7851,5.18644,9.25993,6.65641,10.5128,6.22821,4.60876,6.14698,5.23329,5.27033,7.57549,3.86423,5.99068,5.90314,7.79942,7.81397,6.09539,3.81937,6.1468,5.28899,4.91021,5.43291,4.50974,4.29475,6.77269,FM
202186,-130.194,-130.231,-129.522,-128.749,-131.247,-126.931,-125.224,-124.391,-113.376,-118.972,-114.848,-111.421,-109.503,-99.5797,-100.158,-87.7538,-85.7268,-103.156,-100.549,-110.214,-114.499,-113.327,-117.071,-113.487,-127.008,-125.028,-129.219,-130.989,-129.738,-131.068,-129.385,-128.934,4.70312,5.42577,5.14992,6.56306,2.60913,6.29523,5.74565,7.21242,9.02157,5.19463,5.92772,5.41307,9.53599,8.10365,7.69282,11.6666,18.4305,7.59817,12.7634,7.79556,4.99941,10.551,5.68951,12.4899,4.58848,6.77182,6.61421,3.85884,4.93451,4.28027,4.18723,5.57761,FM
202186,-129.637,-130.418,-130.672,-130.695,-127.426,-124.813,-118.295,-116.439,-111.354,-108.602,-107.642,-99.7059,-94.6086,-87.1902,-82.8364,-80.3922,-79.3459,-82.3283,-87.8048,-91.9445,-102.231,-105.766,-110.021,-112.1,-114.179,-120.637,-123.348,-128.635,-128.767,-131.178,-131.289,-128.67,3.46011,3.15486,3.5052,4.58875,4.0496,5.67922,7.28604,4.01775,4.97028,4.21105,5.92759,7.10874,7.02445,8.4257,4.62004,4.41464,2.55181,9.50902,7.94943,11.6332,4.71257,3.30582,5.78755,4.32605,10.5778,5.18961,4.68391,3.43903,6.07556,3.76906,3.46182,6.52824,FM
202186,-104.826,-109.512,-110.517,-111.333,-111.596,-111.244,-85.8318,-84.3958,-83.9955,-83.8359,-83.5504,-83.2668,-83.0039,-82.8659,-82.4985,-82.5756,-107.1,-108.563,-109.042,-109.36,-109.705,-110.19,-110.757,-111.087,-111.793,-112.055,-112.345,-112.544,-112.459,-112.739,-112.66,-112.664,8.1005,5.16775,4.93529,4.72634,4.59989,4.63529,28.5202,4.32369,4.63031,4.31345,4.56853,4.38065,4.45587,4.28639,4.394,25.3468,5.62509,4.57253,4.63383,4.59129,4.80115,4.64668,4.6634,4.74704,4.554,4.6112,4.64444,4.53835,4.63199,4.42431,4.57852,4.66292,FM
202186,-129.95,-129.114,-130.398,-129.111,-128.155,-126.708,-124.306,-120.324,-116.228,-114.63,-110.275,-109.381,-101.067,-98.3677,-89.7851,-87.9416,-90.194,-91.4551,-96.2667,-104.71,-109.1,-112.273,-112.247,-117.948,-120.886,-122.805,-127.635,-128.453,-129.374,-129.859,-129.472,-128.204,3.19572,4.26123,5.01537,5.32205,6.16217,3.92342,3.26959,5.63071,4.89276,5.49693,6.67043,4.25891,9.07529,3.71519,10.4324,3.5227,4.5077,4.81599,8.24989,4.59465,3.96255,6.66792,5.61258,7.39243,5.89113,7.87871,3.73882,4.84372,5.27544,6.14677,7.48787,5.65628,FM
202186,-103.921,-105.276,-106.425,-105.719,-106.236,-105.197,-103.971,-105.044,-102.367,-103.084,-97.9844,-98.7262,-90.5075,-89.7914,-82.9909,-80.1076,-82.2017,-80.4873,-84.5948,-93.3657,-94.5533,-101.233,-100.829,-105.55,-103.913,-104.005,-105.475,-105.45,-105.84,-105.917,-106.486,-105.567,7.45986,4.68408,4.17519,2.97504,4.70181,3.92984,5.37895,4.91682,5.78586,5.08009,7.6526,5.34953,9.96124,3.3223,7.99974,5.92525,6.16901,4.64507,11.258,3.60498,10.3775,4.2622,7.72504,3.20775,5.71089,5.60426,3.92069,4.52132,3.4467,5.2816,3.11097,3.56937,FM
202186,-105.868,-104.336,-106.094,-106.145,-106.635,-104.961,-105.708,-106.08,-104.969,-104.664,-101.64,-102,-95.4339,-91.9516,-83.4485,-79.3031,-81.5917,-86.6014,-91.5592,-98.2715,-102.684,-104.786,-105.547,-105.615,-103.944,-105.494,-105.305,-105.073,-105.568,-106.069,-105.763,-106.082,5.2428,5.03934,5.33748,5.2383,3.46351,5.29031,6.48028,3.66315,3.58128,5.29317,6.63754,2.90386,7.77934,6.47387,8.99901,4.28105,6.60975,4.68514,9.48341,7.99548,4.96053,5.2262,5.57524,3.99363,4.77856,6.42194,6.68539,4.87408,4.63203,5.05192,3.70673,5.71701,FM
202186,-99.5149,-99.3392,-119.617,-118.045,-117.314,-113.591,-110.391,-106.549,-102.341,-99.9763,-97.829,-93.7554,-91.08,-90.5011,-90.9766,-91.3018,-93.2063,-89.7817,-91.4385,-93.7053,-94.7822,-100.466,-100.7,-104.159,-107.488,-109.176,-114.23,-116.152,-117.144,-120.361,-101.11,-99.3825,2.86967,5.88007,5.02392,4.25314,4.88922,4.2275,4.98566,3.71129,5.21744,6.6643,7.62093,4.93028,7.10114,3.84045,9.10812,8.01983,6.13764,5.4931,6.84878,4.50306,8.57149,6.70463,8.40933,5.28275,3.71565,5.30108,3.89011,7.1293,7.18478,4.01403,5.58287,4.52262,FM
202186,-98.6719,-99.9555,-124.469,-123.79,-121.714,-121.023,-116.722,-114.537,-113.722,-106.431,-108.118,-98.4234,-97.9527,-99.1488,-94.6792,-99.8313,-94.3982,-95.5122,-96.8934,-94.3409,-104.969,-105.263,-108.968,-111.521,-110.712,-119.546,-118.28,-122.567,-122.649,-123.013,-99.8554,-98.3357,3.77583,27.5977,4.79781,4.74337,5.69294,5.3998,7.72814,5.56474,6.56928,8.3197,4.45923,12.1286,7.49243,8.25282,6.92628,5.92214,9.61558,7.33538,7.48598,10.931,6.95514,6.65742,9.39995,9.04364,9.90804,5.15428,7.56569,7.83333,8.3063,7.18397,30.7849,4.28873,FM
202186,-98.3914,-98.7184,-110.426,-108.235,-106.012,-102.561,-98.0479,-94.575,-92.3419,-88.2239,-87.6938,-86.2895,-85.5622,-86.6209,-83.8444,-84.1351,-84.461,-82.3771,-85.3994,-86.3438,-85.8347,-88.6271,-91.0488,-91.7172,-94.2785,-96.8618,-100.748,-104.2,-108.108,-109.218,-101.494,-98.6273,4.42895,15.6628,6.46452,4.5107,3.99753,4.90211,5.52434,6.54106,5.10654,5.79354,3.9373,3.93091,4.48125,3.79523,5.46676,3.83927,5.57695,8.03357,5.45321,3.14599,8.21163,6.62421,3.56967,4.45619,5.2711,4.28885,4.64929,4.42028,5.03646,5.61927,15.3646,4.46554,FM
202186,-114.196,-113.481,-109.961,-108.67,-105.489,-104.465,-101.171,-101.35,-96.1653,-96.9585,-94.1423,-93.1444,-88.9753,-87.1997,-86.2402,-85.0208,-85.8826,-84.7811,-87.756,-87.1576,-88.1974,-86.836,-90.1851,-92.1361,-94.6133,-98.7145,-100.875,-104.609,-104.716,-106.693,-109.364,-111.391,6.32276,5.03493,5.90178,5.15998,5.17452,5.3969,7.05547,3.51865,5.94657,7.816,9.01944,5.83869,10.4762,6.50237,6.03522,7.39903,7.57374,10.1817,6.02029,7.47163,4.31457,5.84745,4.80741,3.7823,5.30365,6.28135,6.13229,5.62007,6.32962,3.53601,6.50526,3.69962,FM
202186,-110.876,-109.234,-106.53,-102.235,-99.3444,-98.3142,-92.6853,-91.3171,-89.1552,-90.6193,-87.8514,-86.3803,-83.4646,-84.3236,-84.2808,-84.2976,-83.7468,-84.0044,-85.8757,-82.9583,-85.2615,-84.4106,-84.7196,-87.4274,-89.6735,-94.9903,-99.1786,-101.791,-106.014,-105.585,-107.95,-109.56,5.03493,7.10065,3.59222,8.62302,7.64658,8.13896,7.94915,5.0436,3.97523,5.53516,9.25641,7.23757,8.36047,6.63081,5.42155,6.7137,8.61037,4.36859,7.17784,6.31604,6.10806,3.33772,6.36371,3.41724,7.11713,6.04591,5.78163,5.62796,6.30276,4.72058,6.82154,4.61269,FM
202186,-111.682,-106.471,-104.667,-101.04,-100.785,-96.5259,-94.1412,-91.6371,-88.1511,-90.2272,-87.0164,-87.2077,-85.486,-84.6776,-83.89,-83.0205,-84.26,-85.3536,-86.3322,-84.338,-84.1026,-84.2196,-84.3463,-83.7993,-84.8252,-92.4164,-95.4656,-98.076,-100.408,-103.634,-105.519,-107.179,3.74057,7.62108,4.03993,8.68645,3.55042,8.04239,4.66076,5.56584,5.10618,6.62243,8.35893,6.75455,6.54066,5.2029,5.35363,7.53884,8.49316,4.65674,5.22173,3.96517,3.78768,4.57164,4.76611,3.18574,7.1525,2.99483,7.55946,4.25591,7.95663,3.29001,5.35159,4.81078,FM
202186,-99.4554,-100.177,-102.576,-102.363,-101.641,-94.5249,-91.939,-90.6284,-88.7885,-89.0126,-87.041,-86.6094,-85.2092,-84.798,-84.2546,-84.0513,-96.706,-96.631,-97.484,-97.1849,-97.8363,-97.9818,-99.1285,-99.8357,-100.802,-103.948,-105.756,-107.634,-109.297,-110.707,-112.118,-110.004,3.51394,18.2322,5.54325,6.46024,3.75821,4.99622,4.07655,5.89381,4.60358,5.84697,5.29639,5.09603,6.34182,3.20612,4.90166,3.69181,5.73506,6.61939,5.38647,4.4726,6.30583,4.92179,6.15408,4.27189,4.22939,5.75757,4.44167,2.55219,5.06838,7.0485,8.41791,25.4107,FM
202186,-102.156,-101.689,-114.446,-110.175,-109.694,-105.611,-99.819,-95.1762,-94.3634,-93.5159,-91.1952,-89.1263,-87.827,-86.9939,-85.9961,-85.3399,-83.5131,-84.5568,-85.454,-86.4426,-87.0022,-88.4713,-89.2237,-92.9977,-94.956,-97.5097,-101.456,-104.624,-107.978,-112.5,-114.643,-100.701,3.82085,17.2702,4.00317,4.33303,3.2346,4.74799,6.93574,5.25695,3.49452,2.58318,5.91968,4.52035,4.49667,3.42284,2.76402,5.0508,5.1173,3.16567,4.83397,3.37352,3.19749,5.46033,5.42468,4.59695,4.36753,4.77914,6.27808,4.29431,7.95345,3.87504,5.4268,19.6801,FM
202186,-102.087,-103.439,-116.153,-111.192,-110.092,-106.794,-104.487,-102.715,-100.811,-97.719,-93.3548,-91.0968,-88.5126,-85.7534,-84.4342,-81.8327,-81.2582,-82.7468,-83.6976,-85.3554,-90.3771,-93.2562,-96.6483,-98.8113,-103.043,-105.127,-108.501,-111.614,-113.594,-116.841,-121.409,-99.0169,3.82092,18.5154,4.12194,4.40524,4.74095,5.05735,6.78695,4.63544,2.93302,3.76343,6.43651,5.88705,4.46301,4.60543,2.72601,3.32377,4.11823,3.7257,4.29131,5.54764,3.50372,4.44355,4.77038,7.07191,3.80098,4.00825,5.15516,3.97643,5.38964,6.96506,4.84952,26.1035,FM
202186,-71.8082,-75.6095,-98.2734,-96.7543,-94.134,-91.0068,-87.646,-83.9245,-80.9259,-76.0612,-71.4043,-67.1511,-62.8698,-58.7929,-57.9171,-57.0074,-57.1769,-58.9632,-61.3632,-64.1146,-68.337,-72.2266,-76.0469,-80.5713,-85.0447,-89.0002,-92.1449,-94.6656,-96.0544,-97.8422,-72.0008,-71.4064,4.4006,27.493,4.80096,4.7783,5.23873,5.63345,4.48519,5.66483,5.39084,6.43639,6.33018,6.12673,5.58774,6.34552,3.87764,4.29608,4.27253,4.94397,5.23236,6.06527,5.65515,5.44221,6.33668,6.40593,6.29844,5.14957,5.35852,5.07774,4.88114,4.74039,29.8138,4.45111,FM
202186,-99.2326,-101.95,-127.245,-124.064,-121.993,-119.691,-115.201,-111.886,-108.185,-103.539,-97.0315,-94.7928,-88.5738,-85.4065,-82.2128,-80.2905,-82.221,-83.4945,-85.4333,-90.5516,-92.2741,-99.8447,-104.33,-106.424,-113.66,-116.249,-120.683,-123.922,-125.238,-126.941,-99.3156,-97.9032,3.45808,29.0721,4.64762,4.73826,4.56306,3.56387,5.95638,6.47159,5.10941,5.06895,7.13113,5.938,8.85352,5.07703,3.99082,4.86763,3.95823,3.85812,6.33051,2.91238,7.67784,6.08338,4.18916,8.06155,6.35381,6.4465,4.64241,4.80294,4.22073,3.41773,30.9192,5.1455,FM
202186,-99.4536,-100.384,-127.715,-128.38,-124.46,-123.359,-121.959,-116.911,-115.239,-110.001,-104.641,-102.282,-94.1581,-92.9862,-86.5194,-84.0006,-83.1018,-85.5243,-88.9002,-92.7664,-99.3927,-102.681,-107.066,-113.969,-118.95,-120.2,-123.721,-127.007,-126.906,-127.837,-98.5711,-97.0863,3.00964,30.9201,4.64296,2.54042,4.61363,4.40047,3.75109,8.22379,7.55467,8.18789,6.91613,3.4394,6.95557,4.62679,8.85006,6.47101,4.40691,5.93069,4.0323,8.96007,5.22151,4.65335,6.40819,5.94592,5.05911,5.59424,4.58678,4.49603,4.08499,7.98453,29.7954,5.66681,FM
202186,-106.425,-112.886,-112.95,-108.311,-106.836,-101.92,-99.6288,-99.3385,-96.8032,-95.4663,-89.2109,-89.6033,-83.5223,-83.767,-80.5264,-82.8436,-82.1623,-82.2722,-83.5135,-83.6587,-87.4783,-85.2001,-87.9951,-89.2467,-90.1833,-94.6039,-97.9634,-101.607,-103.603,-106.98,-110.046,-111.995,6.39201,6.32886,3.96896,5.52114,8.04697,6.04088,5.2649,16.2237,2.54858,3.52173,5.92071,6.44844,8.90766,6.73957,6.74159,7.88592,14.3324,2.15627,3.15137,3.12964,4.78152,3.99855,3.20847,4.1052,3.83891,2.87932,2.96028,13.7729,5.21467,5.68661,7.39906,6.50282,FM
202186,-96.2608,-99.6022,-112.569,-111.116,-110.514,-108.438,-106.81,-102.654,-100.201,-97.7546,-93.8548,-92.06,-87.9442,-86.7728,-83.9437,-83.8818,-83.8357,-85.6659,-87.2324,-88.6246,-91.4982,-93.415,-95.938,-98.4893,-100.64,-103.261,-105.575,-108.843,-110.964,-111.505,-98.1882,-97.4418,6.5807,17.2899,4.9122,5.68321,5.5343,7.00533,5.84432,9.1956,5.89332,8.65405,6.06295,6.42243,6.42324,6.44304,6.11644,5.7899,7.7712,5.37954,5.6593,5.8252,5.50418,5.28197,5.43089,5.50179,5.13773,6.26661,5.02449,6.51833,4.9604,4.98599,17.6115,4.7187,FM
202186,-96.9754,-100.401,-113.001,-111.312,-110.63,-108.392,-106.706,-102.789,-100.318,-97.8614,-93.7878,-92.0445,-87.7746,-86.6619,-83.751,-83.7023,-83.6576,-85.3313,-86.9904,-88.3636,-91.3247,-93.1911,-95.8131,-98.4186,-100.551,-103.247,-105.603,-108.759,-110.988,-111.664,-98.8527,-98.2178,6.76205,16.9813,4.89725,5.78546,5.56745,7.2094,5.84207,9.09325,5.97733,9.05677,6.03856,6.50402,6.46275,6.46809,6.18785,5.91384,7.61221,5.45087,5.6896,5.82646,5.49337,5.30136,5.43975,5.51496,5.13393,6.40879,5.02411,6.48742,4.95341,4.95998,17.3326,4.7457,FM
202186,-97.9064,-102.869,-107.907,-106.721,-105.674,-101.552,-98.2623,-97.3029,-95.4422,-94.1702,-90.6396,-89.6401,-85.9536,-85.425,-82.9429,-83.0629,-83.466,-87.5273,-93.1411,-93.9981,-96.3891,-97.1696,-99.4061,-101.202,-102.565,-104.836,-106.889,-109.041,-110.601,-111.584,-107.527,-107.762,7.90892,8.76831,5.08037,6.06608,5.44432,8.86411,5.44522,7.14883,5.9205,9.88873,5.19565,6.37724,5.86966,6.20212,6.22956,6.22725,8.70594,9.29087,5.54095,5.47925,4.94773,5.10425,4.94225,5.08366,4.96191,6.73846,4.91453,5.61125,4.97086,4.71046,9.82308,4.87496,FM
202186,-102.652,-111.737,-112.997,-112.538,-108.324,-104.079,-101.382,-98.3836,-95.0812,-92.4001,-90.1269,-87.3569,-84.9991,-84.2936,-83.679,-82.9034,-82.5855,-82.7941,-84.8417,-85.1448,-87.6573,-89.5058,-89.9444,-92.1289,-96.8098,-101.494,-103.755,-108.902,-110.508,-109.479,-98.6052,-99.1398,4.97492,5.40887,5.25864,4.44027,5.14221,5.79983,5.2944,4.62678,4.61785,4.56846,4.42281,6.20517,5.17782,4.32072,4.22873,4.34441,5.73312,4.66903,4.36347,5.13256,5.00206,4.30806,4.32232,5.50272,5.66338,4.11108,8.13831,4.4412,5.0204,3.93009,13.734,3.55932,FM
202186,-96.8243,-103.258,-105.211,-105.423,-99.2108,-95.5161,-92.5335,-91.2531,-89.616,-90.0245,-88.9077,-88.1998,-86.9983,-85.7782,-84.2962,-83.2579,-90.9928,-96.1005,-101.927,-102.69,-102.863,-103.442,-103.907,-105.029,-107.269,-108.703,-109.404,-111.179,-112.211,-112.003,-107.679,-107.526,15.0414,6.93858,4.54622,4.92022,4.89926,6.10931,6.52908,7.20833,7.70959,5.08708,5.45057,5.07539,4.75469,7.63366,6.35343,7.20082,6.0304,8.19523,5.6452,4.50438,5.629,4.62031,8.46538,9.172,6.70562,5.78682,4.95478,5.42485,4.90493,4.6538,25.3044,4.37891,FM
202186,-97.4333,-118.825,-123.377,-122.321,-119.805,-116.895,-111.02,-104.637,-97.1331,-99.7929,-102.106,-99.5156,-97.8948,-91.1113,-84.853,-80.8438,-83.2868,-89.6337,-97.1135,-100.223,-102.375,-103.79,-99.7076,-101.73,-109.761,-116.167,-120.871,-122.032,-121.63,-121.422,-100.51,-99.6682,16.0876,7.7879,4.20497,4.40607,6.29494,5.71041,5.45591,7.46463,8.58706,7.40488,4.51147,4.72498,4.64012,10.0407,8.01608,6.25255,8.68674,8.68275,6.76045,7.47225,5.59517,3.93655,8.17426,9.59003,7.90319,6.11328,4.65069,5.50256,5.95536,5.61647,23.4166,3.51189,FM
202186,-97.398,-122.512,-125.701,-125.854,-122.316,-115.874,-115.707,-112.495,-111.705,-111.861,-105.286,-96.6951,-89.3155,-87.9062,-87.2593,-86.6017,-87.6202,-88.7996,-90.2049,-95.7843,-99.5691,-109.183,-114.757,-114.379,-117.171,-119.049,-121.11,-125.319,-126.123,-122.975,-99.7936,-99.8891,15.1811,6.49199,3.03468,2.77949,5.67329,7.16507,3.52431,4.70717,4.14561,5.34284,8.06182,8.71313,7.02625,2.61502,4.12082,4.11682,6.10762,3.12627,6.57513,5.83601,8.68214,7.21409,3.28999,4.919,2.9057,4.14308,4.44486,4.2691,4.23723,7.45625,27.4987,5.09886,FM
202186,-94.0641,-94.826,-119.027,-113.962,-119.07,-118.217,-115.182,-113.589,-109.536,-104.768,-99.9844,-95.8978,-94.961,-90.8422,-86.1659,-80.8115,-78.8379,-80.5911,-87.1651,-91.9985,-95.2278,-97.6231,-100.818,-105.854,-110.522,-113.977,-117.099,-120.794,-123.331,-124.193,-112.224,-100.844,3.86876,29.8133,5.48791,7.42949,4.45595,5.25307,4.34595,4.75893,5.27226,5.55857,7.25268,5.6766,4.72177,6.28964,6.56001,6.13481,4.52907,8.19175,7.28897,6.2498,6.17149,5.2045,6.31231,6.94094,5.42466,5.32862,5.2202,5.07894,4.34239,3.8831,16.7443,6.00507,FM
202186,-94.6414,-94.8311,-119.48,-113.656,-118.04,-119.569,-117.946,-114.453,-110.786,-105.287,-102.963,-98.5328,-95.0714,-90.6814,-83.5336,-80.7281,-78.8879,-81.3074,-88.2547,-92.9826,-96.0855,-100.481,-102.909,-108.015,-112.325,-116.25,-120.873,-121.961,-124.742,-125.364,-112.15,-101.035,3.73638,28.5226,4.69302,8.86552,6.44386,5.86591,6.3463,6.58507,6.75684,7.64036,5.15671,6.26467,4.77167,6.85994,9.41486,5.67711,4.48664,6.11048,5.6881,5.69712,7.48337,5.2097,8.08536,7.02464,5.48279,6.72298,4.12293,5.31348,4.16104,3.78871,16.4856,5.83568,FM
202186,-93.7949,-96.0814,-119.674,-114.872,-120.399,-119.808,-117.442,-113.057,-111.268,-105.645,-102.243,-96.5121,-93.6737,-89.8201,-84.2149,-80.2347,-77.7225,-78.2537,-88.2556,-92.0185,-95.5392,-98.2039,-100.164,-107.381,-110.613,-115.549,-118.224,-120.489,-124.261,-124.8,-112.502,-100.966,4.58664,27.0835,3.68679,5.72569,2.6948,4.40973,5.75253,7.27229,4.83217,5.91539,4.81294,7.5983,5.29263,7.97548,8.17349,4.21801,3.29948,8.37418,6.81928,6.02238,6.96172,3.60315,11.6905,4.53266,7.30348,5.63915,2.18417,5.84554,4.6273,5.59208,14.6268,6.47424,FM
202186,-104.961,-103.078,-107.567,-104.824,-103.506,-101.208,-97.5222,-93.8571,-93.0504,-91.309,-88.7874,-85.7496,-85.7264,-84.3359,-82.6059,-82.5088,-82.401,-83.4735,-83.5691,-86.8325,-87.2872,-86.7249,-90.504,-92.9838,-95.6597,-97.845,-101.037,-103.777,-106.316,-107.559,-111.512,-101.189,4.07571,9.78723,3.18181,3.30437,3.01243,3.92435,5.37541,7.53958,3.04119,3.11372,4.96017,5.71186,5.01606,4.0378,3.14706,1.708,4.23573,4.70168,4.46162,2.97731,5.7897,7.48368,5.72903,4.97978,3.31638,5.54716,4.51836,4.80958,4.66788,7.06646,5.24555,10.5515,FM
202186,-104.329,-99.2671,-110.379,-109.275,-108.383,-102.896,-99.5135,-95.9044,-95.1733,-92.9007,-90.7074,-88.924,-87.2383,-86.3495,-82.6899,-82.9751,-82.4559,-83.3225,-83.3096,-84.5328,-88.2404,-88.7803,-88.735,-92.1256,-92.7852,-98.084,-101.163,-103.566,-108.026,-107.528,-109.615,-101.512,2.679,16.7537,3.09219,5.54133,5.4015,5.64836,4.57703,5.82256,3.23696,3.63432,4.62499,5.6955,6.8724,4.27343,5.86996,6.56428,5.5239,3.28819,4.66103,5.94504,3.29062,5.19395,4.64088,4.41655,5.86752,3.52415,5.41168,7.24075,2.67663,5.3363,4.03169,9.17818,FM
202186,-104.513,-103.355,-111.742,-108.192,-108.031,-105.702,-101.128,-98.9786,-95.1427,-92.8222,-91.4123,-89.2107,-86.8371,-84.3401,-84.0333,-81.4225,-81.735,-83.6446,-82.6188,-84.7829,-86.093,-90.9914,-92.1979,-94.7241,-97.2791,-101.108,-104.757,-107.205,-109.393,-108.156,-112.511,-104.226,4.34274,11.6062,2.80933,7.1254,3.59178,2.43607,6.42593,4.8531,3.15952,3.02,6.24706,5.65156,5.58978,4.62176,5.83023,3.99174,4.23822,2.7121,6.9054,3.38306,6.51207,5.52583,4.90023,6.37469,5.53571,3.84909,4.60699,4.66212,4.4891,7.33997,5.04121,9.14806,FM
202186,-108.535,-114.453,-113.351,-109.804,-106.761,-103.386,-101.14,-96.9516,-95.3898,-93.2757,-90.3078,-88.7799,-86.7388,-85.4927,-84.6505,-83.5676,-83.7567,-83.3765,-84.3765,-84.7144,-85.2228,-86.5497,-87.3584,-88.0068,-90.1953,-93.1194,-96.3388,-99.1722,-101.741,-104.032,-104.151,-108.367,10.6771,5.25561,4.36668,5.40618,5.92945,5.44127,5.46472,7.16104,5.69502,4.81867,5.21742,3.86835,4.56624,4.64591,3.53087,5.02203,4.32875,5.21799,4.04342,3.89164,4.33214,4.07699,3.58342,4.3285,5.9269,4.17744,4.37881,4.18488,4.66482,3.6241,6.20168,5.32775,FM
202186,-100.281,-100.807,-103.683,-102.662,-101.218,-99.6373,-97.7371,-96.1159,-94.6138,-93.2615,-92.1449,-90.9708,-89.9885,-89.0266,-88.1983,-87.8056,-87.6782,-87.7654,-88.0038,-85.6236,-85.8315,-86.6977,-87.6394,-88.4812,-89.8841,-91.5057,-93.3055,-94.9007,-96.3458,-98.5886,-99.0755,-96.7053,5.41468,7.50593,4.63838,4.67238,5.0899,4.94812,5.17259,5.02856,4.67976,4.78219,4.69706,5.0118,5.05152,4.80668,4.67505,4.53973,4.53119,4.647,4.87044,7.46517,4.5951,4.58229,4.67875,4.7493,4.6866,4.86097,4.79534,4.83246,6.1034,4.86932,4.82897,6.45972,FM
202186,-108.15,-114.681,-112.781,-111.717,-108.685,-106.475,-103.813,-101.907,-99.823,-96.6203,-92.9815,-91.1296,-89.0633,-88.1322,-86.9585,-86.5382,-86.4391,-86.3209,-86.3888,-87.734,-88.9647,-90.9503,-92.8791,-95.9104,-98.6447,-101.823,-105.246,-107.694,-109.869,-111.472,-114.852,-116.149,11.1257,5.40232,4.95968,4.72372,5.82498,4.79824,5.10127,5.07553,4.73225,4.38249,5.22168,4.8611,5.26027,3.61375,4.62644,4.28851,3.92071,4.25833,4.71687,5.4196,4.74108,3.92646,5.63405,4.90604,5.0708,5.41915,5.30978,5.04524,4.46625,5.95168,3.95259,4.85571,FM
202186,-106.588,-111.412,-108.621,-104.521,-103.171,-99.4594,-97.8575,-93.7601,-89.9754,-87.5956,-87.0727,-86.2223,-85.2292,-83.9187,-84.2323,-83.6588,-85.0796,-85.2703,-84.4901,-84.9214,-86.4859,-88.911,-90.8406,-91.2588,-93.1889,-94.7965,-96.8348,-103.816,-106.419,-108.401,-111.935,-114.182,10.5134,4.2888,5.80659,5.01269,3.15292,6.84692,4.91233,4.28063,4.05914,5.18806,4.44333,3.5878,4.99673,6.46552,3.23567,5.08927,3.48387,4.6697,4.25186,5.52589,7.39263,5.33539,4.89247,5.89418,2.88783,3.79086,6.9789,4.41575,4.4492,6.43856,4.37119,3.35992,FM
202186,-102.688,-105.786,-105.361,-103.891,-102.052,-100.214,-98.5089,-96.7093,-94.8681,-93.1656,-91.7593,-90.6142,-89.5276,-88.6756,-87.9825,-87.6428,-87.5381,-87.4763,-87.7185,-84.9166,-84.9508,-85.7415,-86.784,-87.7398,-89.024,-90.7633,-92.5549,-94.4554,-96.0459,-98.7197,-99.1552,-100.356,5.84499,5.9637,5.74103,4.61469,4.87761,6.92293,4.60197,4.87294,5.55595,4.27287,5.03671,5.27375,5.39247,3.40356,6.18141,4.12492,4.98935,3.12638,4.48987,4.35955,6.41313,4.93983,3.82414,4.66175,5.55782,3.97127,4.37695,6.47931,6.70744,5.02581,5.01968,6.07786,FM
202186,-116.887,-114.31,-110.449,-108.05,-105.587,-100.068,-97.45,-94.4746,-93.2165,-89.6632,-88.7379,-86.65,-86.2034,-84.0293,-84.4678,-82.0706,-82.0846,-81.1272,-82.7005,-85.1038,-87.6051,-89.01,-90.8156,-94.4271,-95.1109,-95.5135,-99.3526,-102.88,-105.772,-107.638,-110.556,-115.44,3.62721,4.54375,4.93095,3.1589,3.82778,6.94357,5.42638,4.937,4.03211,4.12011,4.30451,3.41463,2.61121,4.62085,2.3362,5.51109,2.69043,4.84021,6.48566,5.91952,3.80049,4.97038,4.64551,3.50356,4.47913,5.24241,4.32183,5.85616,3.70975,6.88969,5.40006,4.4204,FM
202186,-122.664,-120.506,-117.2,-115.198,-109.958,-105.818,-103.317,-96.963,-94.0503,-90.3129,-89.6968,-88.9561,-86.327,-84.0044,-83.4988,-81.5353,-83.5647,-83.5462,-84.0307,-84.127,-87.0034,-89.0513,-93.912,-97.0659,-101.944,-103.895,-107.668,-111.594,-116.729,-121.238,-123.228,-127.775,2.13203,5.07797,4.87778,3.98083,5.94372,6.89043,4.63109,7.22999,4.33214,6.97412,4.50051,3.76394,4.85708,3.96867,6.32921,4.58933,2.14276,3.88089,6.18877,5.65618,5.93037,6.54312,4.97927,6.78075,4.60229,6.74132,5.72697,5.6771,6.49876,3.08094,5.91447,4.61726,FM
202186,-115.309,-114.544,-109.969,-108.332,-106.274,-101.084,-95.324,-93.7365,-88.4056,-87.6947,-85.7002,-85.9122,-84.6312,-84.8671,-83.3704,-84.7416,-84.4571,-85.9316,-85.3768,-86.6754,-88.6786,-90.5809,-91.8934,-93.2697,-94.5197,-101.041,-104.327,-110.048,-112.697,-114.125,-117.587,-121.615,7.91616,5.81815,5.49505,5.94009,4.30582,6.12091,8.62654,4.44891,6.34682,5.40376,6.14896,5.23086,6.01985,4.33385,3.58052,3.25481,4.29858,3.44499,5.32383,5.69279,3.13376,3.30132,3.59383,5.9435,5.14236,5.99512,6.81859,5.2199,4.15308,7.26205,7.98639,6.14803,FM
202186,-107.331,-107.568,-106.518,-105.068,-103.247,-101.341,-99.7438,-97.6315,-95.8451,-94.4859,-93.6243,-92.5838,-91.9123,-91.2893,-90.5404,-90.3466,-90.3316,-90.6556,-91.3514,-92.3479,-93.6993,-95.2608,-96.7436,-98.3514,-100.269,-102.37,-105.041,-107.673,-110.158,-112.466,-114.501,-116.639,5.21364,4.66303,4.68386,4.43544,5.39536,6.73528,5.90893,7.98964,5.45016,4.7275,5.13421,4.60305,5.74939,4.74272,6.24292,5.93475,5.33712,6.2467,7.0974,6.41079,5.15144,4.43877,5.14675,4.7447,6.62193,7.41137,5.26199,5.60794,4.88629,5.01432,4.76084,5.24157,FM
202186,-118.693,-119.441,-116.319,-116.719,-111.517,-109.767,-104.248,-103.617,-101.505,-99.0418,-97.4487,-93.5874,-91.7358,-90.0354,-88.472,-90.306,-90.5132,-92.6581,-93.2821,-95.122,-97.9875,-99.0906,-102.093,-104.294,-107.972,-110.265,-113.356,-114.786,-117.388,-119.706,-119.704,-121.964,6.05158,4.87547,5.81439,3.08907,7.13975,5.12137,9.54308,3.37725,4.23857,4.76521,2.80149,5.26866,4.1152,3.99814,6.03378,4.4762,4.00156,3.66257,2.92762,7.3627,5.33089,5.51704,6.24784,5.49143,3.46349,3.4962,4.732,4.85948,5.13872,3.95901,4.44172,3.04256,FM
202186,-113.862,-112.325,-110.871,-109.053,-106.675,-104.431,-102.125,-99.4671,-97.5286,-96.0587,-94.8918,-93.4227,-92.2755,-91.2279,-90.1306,-89.7304,-85.0955,-85.3704,-86.0519,-87.1594,-88.6544,-90.2486,-91.835,-93.4976,-95.6176,-98.3469,-102.727,-104.58,-106.296,-107.37,-108.401,-109.42,5.53896,4.73763,6.13925,5.64105,5.6985,6.12024,5.11398,4.87244,5.57534,4.82105,4.97518,4.90765,4.56659,3.69367,4.15312,3.87228,4.12532,4.04688,4.89193,5.01713,4.00442,5.47336,4.11803,4.47377,3.82024,5.83759,6.30039,6.41569,5.31625,5.06985,4.9599,4.89234,FM
202186,-115.005,-113.469,-111.909,-110.027,-107.502,-105.168,-102.724,-99.9681,-97.9136,-96.3576,-95.1175,-93.586,-92.338,-91.2515,-90.1031,-89.6987,-84.9679,-85.2834,-85.9439,-87.0639,-88.5521,-90.1539,-91.7716,-93.4446,-95.6574,-98.4855,-102.992,-104.896,-106.676,-107.742,-108.786,-109.8,5.24514,4.64629,4.38219,5.02169,5.73564,5.21926,5.89169,4.82366,4.63291,4.59084,4.69663,4.72117,4.48972,4.29062,4.48376,4.56222,5.14653,4.75644,4.83691,4.66081,4.51091,4.2567,4.46765,4.69256,4.81192,5.55677,5.31816,5.61875,5.15229,5.59364,5.18616,4.98556,FM
202186,-114.637,-112.138,-111.074,-108.654,-107.305,-105.419,-101.839,-98.9497,-96.2435,-94.3255,-92.8449,-90.5059,-90.7309,-87.6465,-84.1194,-84.7492,-83.5877,-84.9806,-84.1298,-86.4921,-87.7504,-88.0295,-91.9849,-92.8368,-97.8849,-99.6081,-100.372,-105.886,-107.372,-110.288,-112.586,-114.311,5.00875,4.31745,4.23144,4.54568,2.40886,4.74602,4.69698,5.86008,5.02788,3.86729,4.89597,5.66862,4.2543,5.25562,4.56521,3.1594,4.46951,3.23087,4.53191,4.58646,4.2065,6.1579,4.20598,5.22211,4.21249,4.40821,7.47126,4.05186,7.8424,5.06799,4.1833,4.48286,FM
202186,-117.349,-117.053,-115.552,-111.291,-111.196,-108.473,-105.131,-101.012,-94.8611,-95.3075,-90.9636,-89.5388,-87.8193,-86.876,-85.4476,-83.4425,-83.4625,-83.083,-83.9792,-84.1178,-85.3698,-86.659,-90.1629,-97.105,-100.027,-103.513,-105.329,-109.751,-114.373,-116.639,-116.375,-118.198,6.89114,3.62001,5.13874,7.08196,3.11684,5.47073,5.40512,5.93166,6.8817,4.4191,5.50386,3.4803,4.59882,4.62148,3.20287,4.76469,3.01124,4.20898,4.35856,4.66136,5.89332,4.81698,7.93439,4.6195,5.80569,4.23335,5.55793,5.22054,3.16665,3.68416,4.41174,4.00289,FM
202186,-118.174,-118.534,-117.648,-115.834,-114.261,-112.519,-109.467,-106.289,-103.515,-99.957,-97.088,-94.7584,-92.4687,-90.3796,-86.8585,-86.0022,-84.7923,-84.3579,-86.094,-88.3871,-90.9262,-94.4979,-96.2579,-100.531,-103.147,-106.648,-109.262,-111.933,-113.885,-116.315,-117.71,-118.527,4.73317,4.34313,4.87518,4.93477,4.47177,5.04808,5.55801,5.16498,5.06084,5.71009,4.9682,4.81677,5.09619,5.10337,5.32508,4.04219,4.42728,5.32407,5.24284,5.01379,5.45105,5.38679,6.82191,4.5929,5.59581,5.10721,6.0081,5.16778,5.77395,4.64991,4.06212,4.77758,FM
202186,-117.077,-118.123,-117.664,-113.976,-109.879,-105.968,-104.411,-99.1402,-96.2167,-92.9007,-90.1829,-88.6457,-84.4934,-80.0229,-81.1161,-78.4147,-80.9302,-82.4363,-84.3081,-88.3407,-90.7716,-92.2381,-95.7652,-100.107,-102.701,-103.911,-106.346,-111.133,-113.142,-114.565,-116.213,-105.785,3.55612,3.90363,3.02048,4.66314,5.79522,8.70997,3.56278,6.34139,4.03991,6.4923,3.9905,2.86333,5.78422,8.11022,2.91594,6.51603,2.79543,5.17428,8.16096,5.14488,8.9509,7.57354,5.18279,6.37798,3.79393,6.98505,7.55156,5.85587,3.87618,5.52231,9.23419,16.5673,FM
202186,-97.6821,-99.4294,-100.393,-101.301,-101.405,-101.313,-101.325,-96.0063,-94.637,-93.6232,-92.8294,-91.4886,-90.4936,-89.1396,-88.1882,-87.1541,-86.8128,-93.1915,-94.7611,-95.9494,-96.9518,-98.0572,-98.9766,-100.292,-101.313,-102.825,-104.071,-103.674,-106.207,-107.724,-108.426,-108.02,3.21952,5.46496,5.81329,4.28366,11.2374,8.34793,6.31737,3.27148,3.0404,3.2509,4.21354,3.42846,4.9342,5.60681,5.61436,5.88383,4.93478,6.45059,4.482,3.04523,5.09491,3.25935,5.55664,4.57465,4.49234,5.26547,7.53541,5.33742,7.18353,3.99697,5.88142,17.206,FM
6042300,-101.253,-91.2834,-74.364,-89.2753,-91.5452,-89.6304,-89.2105,-88.9928,-87.9896,-89.3321,-89.9377,-89.9697,-87.4852,-85.2158,-84.3745,-83.9184,-83.4479,-83.8361,-84.0938,-85.9875,-87.1826,-87.963,-88.2772,-90.1449,-90.7193,-90.2387,-88.9389,-88.8294,-89.265,-91.8118,-96.8538,-111.208,27.245,9.49505,18.5642,5.0972,5.15594,5.81058,4.85983,4.93595,4.80133,4.64014,5.04791,4.95829,4.80649,5.33521,4.64258,4.74743,4.73756,4.65774,4.93052,4.96106,4.68403,4.6884,4.89193,5.54223,4.63402,4.74999,4.65523,4.66765,4.85587,7.68274,12.3556,19.4528,ATSC
6042300,-99.514,-92.1909,-74.373,-89.4436,-90.5576,-91.0759,-90.0797,-89.1255,-88.5858,-88.6936,-90.1251,-90.5553,-86.9725,-85.0792,-83.8936,-84.8977,-84.3427,-84.0093,-84.5847,-86.6302,-87.3603,-88.2901,-88.2466,-90.0174,-91.6727,-89.4976,-88.2814,-88.7175,-90.1025,-91.1479,-97.5213,-112.34,26.7249,10.737,16.7551,4.67129,6.76447,5.41695,5.29482,5.97787,5.7691,4.83829,5.22678,3.06223,5.53584,6.33719,5.46722,4.16737,7.22697,5.17085,3.26177,4.75918,6.0844,5.85548,3.90182,7.30499,6.37863,5.59246,2.92161,7.13879,5.16019,7.822,11.3877,21.8847,ATSC
6042300,-104.53,-90.2011,-74.6338,-89.1063,-91.4799,-90.5599,-88.3213,-89.3119,-87.4356,-89.9602,-89.9932,-91.4342,-87.4951,-85.3288,-83.954,-83.2605,-83.7702,-84.0429,-83.4869,-86.4818,-87.1951,-88.1774,-86.4745,-90.951,-91.4931,-90.8188,-88.7276,-88.6907,-88.7317,-92.5081,-96.9844,-110.28,23.5298,14.6256,17.5909,7.09087,6.49806,5.59359,6.83459,4.77778,5.26701,2.77427,5.3358,3.423,4.56928,3.97115,5.11214,3.80427,4.21561,4.80925,4.95529,7.02596,3.33723,5.48516,5.13779,5.83934,4.85275,4.37895,3.16474,7.11422,4.1082,9.00813,12.0388,20.9774,ATSC
6042300,-102.284,-92.2129,-76.3674,-95.5786,-94.625,-89.1646,-88.3581,-85.3311,-88.6479,-86.5769,-86.0356,-85.1115,-87.2846,-88.4828,-87.6677,-86.8673,-86.4448,-88.5575,-91.3631,-90.117,-87.637,-90.1741,-96.2006,-95.4397,-86.1812,-84.2067,-83.6799,-84.1524,-81.9768,-84.0184,-87.6901,-103.43,16.3798,8.78928,21.0296,9.25365,12.0677,6.89397,3.939,6.60007,5.50307,5.50321,4.07951,5.85959,3.3346,4.02,3.87077,4.51755,5.46413,5.1785,4.77206,3.98368,7.19695,8.60889,7.8701,4.98246,9.51207,5.93066,3.96732,5.1836,6.52647,5.85742,13.9602,17.6794,ATSC
6042300,-104.048,-94.6991,-76.1496,-96.495,-94.067,-88.9916,-88.5354,-85.839,-87.2547,-87.905,-87.6426,-86.5162,-87.3701,-88.7058,-88.1203,-86.8904,-86.7508,-88.2385,-91.175,-90.2071,-87.1573,-90.0421,-94.5095,-93.1572,-86.8898,-84.4366,-83.1363,-83.358,-83.6071,-83.7143,-87.0134,-103.906,15.4598,8.43538,22.0668,7.0365,11.8843,6.05777,4.42329,4.92323,5.82961,3.88176,2.46978,3.35081,2.96886,4.51917,4.94205,3.93302,5.76954,4.72852,3.83688,5.15083,8.46111,5.77691,10.9136,9.11343,7.87386,5.52734,3.47023,3.57358,4.34296,6.29316,16.0494,18.6567,ATSC
6042300,-100.252,-94.0858,-75.8771,-95.0374,-93.3965,-90.8898,-86.1699,-86.6279,-86.1523,-88.0612,-85.3103,-86.2991,-87.1647,-87.2741,-87.4263,-86.5609,-86.4509,-88.9497,-90.6497,-89.9246,-89.3036,-90.8076,-95.5679,-93.3694,-90.1584,-84.7956,-82.6189,-84.6584,-83.2823,-86.5028,-91.4621,-102.845,17.8594,9.11195,21.0085,8.29491,12.0406,6.79238,6.28397,4.55214,6.2888,5.13362,4.69513,3.63013,3.9258,4.84892,6.82182,4.02867,5.0507,2.72406,5.95277,3.85111,4.41932,5.12767,11.2014,6.55592,4.75888,5.31835,5.86782,3.53009,7.1408,2.94971,9.57195,18.3156,ATSC
6042300,-109.594,-95.3261,-77.5178,-90.3557,-90.4622,-87.3553,-88.8489,-88.251,-87.2078,-84.5157,-86.7426,-85.7092,-85.8232,-85.9576,-87.656,-87.7534,-86.1466,-87.1186,-89.328,-88.4958,-86.0866,-86.0228,-86.4179,-86.4484,-86.2199,-86.7883,-88.3879,-87.9948,-88.0193,-91.6628,-95.9446,-105.774,15.777,13.254,17.6649,4.53659,5.03889,4.90817,2.47392,2.27115,2.832,5.80661,3.76775,6.28091,6.37106,5.29115,4.61971,4.12904,4.58126,4.23434,4.69058,5.27176,5.41945,3.58319,5.03504,6.10937,4.68848,5.4835,5.64278,4.38471,3.62985,6.27675,7.40733,18.7512,ATSC
6042300,-113.281,-95.94,-78.1094,-91.9147,-90.9796,-88.43,-87.2009,-87.4015,-85.7382,-85.7733,-86.7054,-86.0534,-84.9465,-86.6629,-87.1818,-87.4014,-86.9165,-87.7843,-89.3831,-87.3186,-86.9292,-84.3071,-87.3403,-84.8121,-86.3622,-86.916,-88.8554,-88.6175,-87.2166,-88.6793,-95.1391,-106.576,11.7184,13.483,18.5399,4.56109,3.98298,2.17332,3.23817,3.53496,4.66489,3.61118,4.50151,5.66071,4.8634,5.73775,6.50477,5.15042,4.48735,2.79195,3.36413,3.10482,5.14806,6.21903,5.1439,6.31427,4.39388,5.10187,3.9415,3.79494,4.78255,8.33724,7.97815,16.9359,ATSC
6042300,-115.758,-107.845,-98.665,-105.484,-105.258,-99.2077,-91.2811,-81.9808,-88.0416,-87.6969,-86.9942,-86.4992,-86.0573,-85.9392,-86.2476,-86.8564,-85.8888,-86.0627,-87.6076,-87.4072,-86.8369,-85.9324,-86.5621,-87.6329,-86.9826,-86.9701,-87.0839,-87.2986,-87.3298,-88.2704,-91.5239,-96.8504,9.81121,9.28932,11.9319,4.7273,4.79509,9.20771,9.23391,11.8791,4.84072,4.92381,4.82807,4.61729,4.7791,4.66385,5.00802,4.82636,4.68536,4.85786,4.67298,4.95351,4.97003,4.72401,4.87807,4.69893,4.85032,4.93429,4.70986,4.66362,4.65941,5.96135,6.70932,12.3883,ATSC
6042300,-108.723,-95.2554,-77.2731,-90.4167,-90.1302,-88.6605,-85.5781,-85.7635,-85.2727,-85.9448,-86.106,-86.6206,-84.0483,-86.7066,-86.8031,-87.8009,-87.9051,-87.1919,-87.8005,-86.9664,-86.2915,-85.0802,-85.9014,-86.2691,-86.7168,-86.5146,-89.5298,-87.9127,-89.0717,-91.8033,-95.7003,-105.246,16.3491,13.3615,19.4275,5.14265,5.64816,4.26187,7.11002,4.36686,4.45847,3.63171,4.46564,4.86082,6.67484,3.38291,6.26727,4.30555,3.47866,6.61617,7.94606,9.50282,5.23965,3.44146,4.64979,6.21091,3.67032,5.13835,3.27967,3.8722,5.53348,4.65657,8.53098,17.9738,ATSC
6042300,-97.0074,-75.906,-88.9879,-85.4594,-86.9064,-85.8469,-84.5998,-85.0587,-83.6633,-84.1241,-85.0022,-87.713,-87.283,-88.7164,-87.4503,-85.9253,-88.6108,-86.7679,-87.823,-86.1768,-88.669,-89.3889,-88.6665,-89.8976,-88.916,-88.3502,-88.376,-88.3962,-91.0197,-92.7391,-97.4706,-102.526,8.18914,24.1173,6.23878,6.37068,3.85631,2.39758,4.33787,3.99144,5.1862,4.5069,4.08063,4.95101,2.59176,3.70459,4.92011,7.18516,5.23276,7.22206,3.06779,4.39822,3.33796,5.03856,5.71722,3.0675,3.90357,5.93248,2.34948,5.62006,3.07612,8.36614,7.22187,3.24692,ATSC
6042300,-100.672,-76.3394,-89.116,-88.3353,-86.4858,-86.5129,-86.1006,-84.9037,-85.6332,-84.9497,-85.925,-86.9328,-87.427,-89.1201,-87.0845,-88.2518,-90.6129,-87.7122,-86.454,-87.78,-88.1513,-90.3635,-89.5893,-88.635,-88.7741,-90.2108,-86.0033,-87.6287,-88.8558,-91.9312,-97.6746,-102.301,6.12719,24.4122,7.142,4.19859,6.22672,4.7101,3.12992,3.87255,4.65913,4.18677,3.83926,4.42905,6.58079,3.51226,8.21428,5.64509,3.93147,4.40926,4.85878,3.70923,4.49667,4.81619,4.23318,5.0094,5.41641,4.0595,7.13058,6.45117,5.22423,8.79863,7.81255,5.59297,ATSC
6042300,-97.198,-75.7973,-88.8146,-86.909,-88.716,-85.5624,-86.8835,-83.6027,-84.8577,-84.6716,-84.04,-86.8901,-87.1781,-87.8231,-88.4864,-87.7134,-88.78,-88.8795,-88.0582,-87.5899,-88.2111,-90.0904,-89.5529,-89.2096,-89.2874,-87.4801,-87.8581,-87.6525,-88.5751,-93.4058,-98.9502,-102.354,9.98801,22.3445,4.60297,3.60423,2.38088,7.00186,4.37324,6.05064,3.13799,2.89319,5.36429,4.86379,4.26033,7.14298,3.5364,6.2532,7.06196,4.71719,5.67126,5.7354,3.07925,3.90316,4.28077,5.46651,3.66479,5.64476,4.39175,4.8769,5.80444,7.37743,6.17136,4.61113,ATSC
6042300,-107.656,-92.9993,-78.7331,-92.0783,-89.6287,-88.6346,-84.5728,-83.6408,-84.4871,-85.1113,-89.7534,-90.8407,-87.6248,-89.1884,-90.283,-89.3858,-87.4567,-87.5697,-87.4329,-84.9609,-84.4304,-84.7915,-86.2138,-82.0476,-83.976,-84.4683,-85.2086,-87.3895,-90.3482,-92.4368,-98.4143,-103.689,10.9313,13.6651,19.8111,7.33701,6.03171,4.70159,5.73211,6.31748,5.16452,5.10362,5.05701,4.35705,8.28746,7.97198,5.27478,6.53029,3.65452,5.23597,5.36101,5.81263,6.95736,4.71924,4.65221,6.24753,5.60898,4.58282,3.48293,7.11101,5.61282,7.01739,11.1902,9.87893,ATSC
6042300,-108.584,-94.2563,-77.7701,-90.3783,-89.9982,-89.5424,-85.865,-84.5916,-83.0282,-84.8319,-91.2892,-89.5576,-88.7406,-89.9955,-90.2447,-89.0205,-86.0927,-88.3737,-87.8595,-86.0409,-86.3289,-85.9508,-85.7582,-83.9267,-83.9599,-84.7432,-85.3363,-84.9449,-92.1569,-92.8566,-99.0072,-102.569,11.4465,11.0055,22.5417,8.10822,4.7553,2.561,5.05131,4.12547,6.5206,6.78307,4.93634,3.7279,8.18451,7.29849,4.27576,6.13987,6.63519,5.42832,7.25156,6.5288,4.55304,3.74313,3.84765,5.93211,3.51536,6.17439,3.56993,7.52881,3.96012,5.03513,11.5496,10.1086,ATSC
6042300,-106.036,-96.5945,-77.7749,-89.5631,-88.7928,-87.6066,-84.9165,-84.5124,-85.4587,-85.0783,-92.2285,-88.3265,-87.5106,-89.9896,-90.405,-88.0476,-85.8632,-87.3882,-87.424,-86.0337,-85.6441,-85.6704,-85.874,-83.4027,-83.2403,-87.3098,-85.6927,-86.1856,-90.8347,-92.019,-99.6758,-104.266,13.562,11.7498,24.0132,9.63403,5.00489,6.54668,5.55287,5.23637,4.87266,5.9041,3.72648,4.34848,8.01689,6.95015,3.71125,6.36939,5.08933,4.57411,7.07352,5.71344,5.03864,3.83321,5.88926,6.70707,6.23598,3.23261,3.46053,8.05354,6.85568,9.48,7.44577,8.82835,ATSC
6042300,-105.057,-94.3409,-80.6711,-92.1201,-91.9102,-91.7443,-85.7106,-85.2837,-85.5986,-85.4953,-90.0143,-88.6807,-88.5259,-89.5686,-89.066,-88.8273,-86.9831,-88.3478,-88.5875,-87.7636,-86.9946,-87.1766,-86.2434,-84.6349,-84.253,-85.9202,-85.5548,-87.0848,-90.6224,-92.3407,-97.8024,-101.459,14.5182,12.516,22.821,8.38293,6.85876,4.29412,5.91172,6.66189,5.15706,3.53545,6.94978,5.19748,8.57496,8.94907,5.0094,5.43613,5.23092,5.8428,7.4194,3.86622,5.18806,8.40598,6.08816,4.15746,6.66239,4.01046,6.96116,4.84903,4.07086,7.39826,7.41177,9.63831,ATSC
6042300,-106.634,-85.3593,-89.6396,-87.4547,-85.293,-86.4055,-85.9223,-84.5938,-83.8897,-85.9483,-86.6686,-88.2422,-87.6357,-90.8713,-92.465,-93.2252,-95.6638,-90.1947,-87.6169,-86.1581,-84.5285,-82.5024,-84.1922,-83.387,-85.6151,-86.5849,-86.8082,-88.1146,-88.7149,-97.3389,-103.257,-117.913,12.5254,12.0182,24.7051,8.26428,4.99537,4.6458,5.84399,7.38154,4.94845,6.561,7.22934,3.88022,6.41222,4.53561,5.98602,5.42235,4.24179,4.0636,7.59126,4.22602,3.20181,5.46381,4.65855,6.46316,5.68891,7.69032,3.58944,7.50351,4.63176,8.66805,10.6916,8.95132,ATSC
6042300,-107.023,-85.5819,-89.8978,-89.0081,-86.8167,-85.7874,-84.4807,-85.1853,-84.1388,-86.218,-87.376,-86.8769,-87.384,-89.8047,-93.6467,-94.979,-93.8806,-91.7032,-89.5757,-86.8406,-84.2121,-84.8761,-83.2121,-85.4094,-86.1168,-86.5202,-86.2607,-87.2291,-88.2412,-95.6062,-100.849,-118.057,8.40656,22.3333,17.5274,4.32169,5.14124,4.22813,6.69012,4.65796,6.13436,3.10078,3.0648,4.65809,5.35028,6.51925,5.78824,5.97047,7.45529,4.85913,4.21448,4.43826,3.89252,4.69487,6.50933,3.94508,2.77473,5.11137,3.85795,5.02808,11.5672,10.85,16.0748,4.74846,ATSC
6042300,-107.702,-85.4556,-89.6195,-89.9873,-85.9882,-85.3577,-84.7247,-85.7718,-84.133,-85.545,-86.2811,-88.7229,-90.5232,-90.8502,-93.3198,-94.997,-95.4837,-89.7348,-87.7033,-86.3505,-85.8877,-84.8743,-84.0432,-84.9912,-85.4082,-85.4871,-85.9049,-88.1544,-90.0177,-97.165,-102.858,-119.409,7.84057,21.4482,15.9104,5.21614,4.71531,4.68018,5.0634,2.96294,5.18927,4.37943,4.65426,3.9658,3.24229,5.15329,6.53187,5.10546,6.24628,5.84079,5.88796,3.65508,3.43326,3.62601,5.12896,3.01993,4.45887,5.98,4.73644,3.81262,6.248,8.89153,13.9601,3.102,ATSC
6042300,-106.064,-84.9725,-88.8715,-88.6875,-87.2525,-84.4343,-84.1252,-84.26,-85.2292,-86.2572,-87.2193,-86.861,-88.5365,-91.8287,-92.6571,-94.2387,-94.4105,-90.4839,-89.3722,-85.0782,-85.5433,-84.2652,-84.3171,-85.1863,-86.6479,-87.1229,-84.1512,-87.6299,-88.271,-97.3192,-103.973,-118.382,8.94406,22.6474,15.9107,5.06808,6.53161,6.78516,5.68542,5.14,4.02149,4.71931,3.24832,4.62451,6.78088,6.98178,6.57386,5.44418,6.68599,5.80935,4.45284,6.523,5.43664,4.5238,4.14915,4.74928,2.8347,4.54352,6.71053,5.75647,8.82092,10.477,12.5433,5.53106,ATSC
6042300,-102.903,-95.0745,-76.5656,-87.6651,-87.6031,-88.0458,-88.2627,-89.4696,-89.1807,-89.2586,-89.2592,-90.2628,-87.9979,-87.9473,-89.3671,-89.4447,-88.5155,-86.4068,-86.7705,-85.5843,-85.9893,-85.1206,-86.3977,-86.1664,-86.0886,-85.1243,-86.0539,-85.4336,-84.9955,-88.4395,-92.3936,-102.914,3.71443,12.886,18.0801,3.90211,4.90503,4.15546,4.55474,5.59215,4.85809,5.59042,5.47205,4.855,4.83083,5.27896,4.66367,4.86549,3.75011,5.23256,3.57507,4.37283,4.74322,4.85853,4.50187,5.5283,3.62169,6.56778,3.36761,5.50436,6.16543,5.65043,12.8795,4.83232,ATSC
6042300,-102.994,-94.5354,-76.5674,-88.052,-88.4873,-86.6107,-88.7627,-88.3279,-89.0027,-90.3735,-89.7144,-89.2748,-88.3142,-87.6774,-88.806,-89.4871,-87.2463,-86.9596,-86.3855,-85.6297,-85.7935,-85.47,-86.154,-84.854,-84.0996,-84.1945,-84.9518,-86.1963,-85.2756,-86.0598,-93.4877,-102.191,5.40488,11.0825,17.1139,4.23742,3.41672,6.72726,3.46897,6.59609,4.19629,4.53516,4.05681,5.31408,6.06914,5.09097,6.31272,5.26192,5.11051,5.59231,5.04766,3.83627,3.98303,6.06648,3.33569,3.37083,7.79288,6.76069,4.28396,2.8203,4.18604,8.73359,11.5146,5.72367,ATSC
6042300,-100.204,-77.1678,-90.6568,-93.4809,-90.4522,-90.8264,-86.3177,-84.2782,-83.6259,-82.4968,-83.7766,-86.4196,-83.7439,-85.2713,-85.3873,-88.187,-92.2798,-97.1135,-91.745,-86.7114,-87.8585,-88.2473,-85.4906,-87.3309,-86.1822,-88.0542,-87.7799,-89.172,-90.8983,-96.5331,-101.305,-106.724,5.65457,3.49194,4.61503,5.33656,5.62022,4.68664,3.39751,6.00447,4.73953,4.56672,5.31503,4.75893,6.8839,3.95184,5.79826,4.74039,5.83875,4.0139,6.28014,4.91586,3.42084,17.5067,18.8879,5.28463,6.84553,3.20985,7.23691,4.68031,4.31599,7.67764,2.62292,7.34879,ATSC
6042300,-98.6561,-77.5287,-90.4038,-93.2795,-89.1202,-90.1843,-86.7069,-85.0097,-84.4519,-83.328,-85.2491,-85.0513,-84.9297,-85.2787,-86.0777,-89.0246,-88.8378,-96.108,-93.5214,-86.6387,-85.9393,-86.9209,-84.5035,-86.1297,-88.3043,-87.1506,-87.6221,-90.8173,-93.5954,-95.4101,-101.04,-106.593,13.8224,22.4755,4.58057,7.43076,5.76759,4.28983,5.24448,4.5833,5.65536,4.75848,4.18401,4.86497,3.8624,6.67814,5.29723,4.55029,15.5847,7.59296,7.20086,5.82494,8.2076,6.59451,4.24714,4.74472,5.2947,5.25871,5.57195,5.21009,7.81293,8.7942,11.1576,7.03732,ATSC
6042300,-119.742,-99.3517,-78.699,-89.5408,-90.2799,-88.3669,-86.8605,-85.5258,-85.3365,-85.665,-85.4657,-85.7149,-84.8275,-86.4306,-85.4111,-87.0458,-85.65,-88.5951,-91.4175,-90.6537,-89.5924,-92.0724,-90.5994,-87.051,-87.6409,-87.1638,-85.1852,-85.8078,-86.4078,-87.8842,-94.1842,-100.866,5.03416,17.1646,21.0094,7.42696,6.69563,6.68586,8.03624,3.66479,4.47322,3.15398,3.33933,5.49091,4.79613,5.54041,5.20855,3.84211,4.85509,5.49146,4.05579,3.8446,5.11814,4.65102,6.62895,4.50803,5.31155,5.15607,5.21815,4.59453,4.48084,7.60744,5.62392,22.2492,ATSC
6042300,-119.863,-99.2872,-78.5254,-92.1249,-91.2692,-88.2698,-87.2059,-86.3362,-85.0416,-85.4152,-84.9092,-86.3441,-84.6721,-86.7046,-86.2265,-86.5592,-84.6046,-89.1923,-88.8636,-90.3178,-89.7047,-91.5174,-89.8607,-88.1704,-87.3903,-86.3794,-86.7003,-85.7637,-85.8456,-88.5746,-92.2055,-101.952,23.5441,21.4812,6.79568,5.61234,4.79558,3.85603,4.37057,6.59366,5.23081,3.4201,3.77885,5.84308,6.77553,4.7215,5.21419,3.64011,6.10564,3.93854,3.97923,6.63599,5.07719,6.12384,5.95602,3.50655,8.36146,4.97614,6.16927,6.38118,7.33982,5.88403,23.4171,3.88676,ATSC
6042300,-120.417,-97.2843,-78.5918,-90.1532,-91.5329,-88.4073,-85.1872,-84.5538,-86.7188,-85.6431,-85.7157,-85.9841,-85.1755,-86.4271,-85.5847,-87.3394,-85.7502,-89.0476,-88.4192,-90.5861,-89.4243,-89.4978,-88.7118,-87.7645,-86.1402,-86.1232,-87.0605,-86.4795,-86.016,-90.0445,-92.0932,-101.631,5.13156,22.2182,20.4153,5.15513,7.38964,5.51046,5.75935,4.6389,4.01775,4.73283,3.84343,5.87796,4.52641,4.82063,6.06658,3.19296,5.98079,5.00367,5.12358,4.03461,4.80535,7.23432,6.46349,4.76244,4.99641,4.87122,2.91635,3.98238,5.18874,4.06281,9.96632,23.2448,ATSC
4758310,-113.656,-113.666,-113.625,-110.171,-89.1543,-88.2599,-89.2894,-89.353,-88.9966,-88.8432,-88.3853,-89.2992,-89.3971,-89.4438,-89.2978,-88.8718,-88.8354,-89.0816,-89.2593,-90.3681,-90.1211,-89.4731,-89.8212,-89.4381,-89.1507,-89.1096,-89.1446,-90.3365,-111.031,-110.931,-106.713,-87.5979,4.53765,4.57138,4.49081,7.2032,21.6349,5.89396,5.45125,4.93834,4.8608,5.01617,5.20417,5.51802,5.07599,5.13607,4.80507,5.77434,5.67921,5.47467,5.18279,4.95808,5.02468,4.89448,5.43612,5.02033,5.11995,4.78339,5.04265,21.7113,5.99894,5.49451,6.17193,19.2156,LTE
4758310,-112.445,-112.618,-113.551,-109.149,-83.5572,-84.6224,-94.5481,-94.3874,-94.5209,-87.0431,-83.5635,-94.3351,-93.1315,-89.4746,-88.8101,-84.9524,-83.3918,-88.9508,-87.5518,-94.9765,-95.3721,-83.5472,-87.2692,-95.0104,-94.9023,-95.3088,-96.0264,-96.4833,-110.932,-108.987,-102.945,-76.4777,4.88811,4.85461,3.97017,5.95032,26.9,10.4161,3.97641,5.43865,5.11401,11.9261,7.91574,4.40942,5.02746,9.54504,2.66549,8.51274,6.99725,2.58265,8.75926,4.3321,4.48245,8.75219,10.6911,4.51485,3.89989,3.82198,3.0595,19.0175,4.86159,4.13431,7.3988,28.2927,LTE
4758310,-111.638,-112.69,-111.157,-109.415,-83.4506,-85.803,-86.2835,-85.82,-85.9046,-84.0845,-83.9007,-85.8816,-85.814,-85.567,-86.6131,-85.4071,-85.6118,-86.3318,-86.1762,-86.7866,-85.6505,-86.4624,-87.9648,-85.3084,-84.8166,-85.8587,-85.3754,-87.3469,-110.411,-108.895,-102.022,-75.3759,3.88751,3.03986,5.29185,6.34551,26.8138,6.24363,6.65722,3.94599,4.40186,5.73237,6.78456,6.01414,4.46732,7.04918,3.39866,5.58809,7.30598,5.37586,4.72045,4.93922,4.46408,4.63995,7.39172,3.20143,3.84856,3.8507,4.04571,24.8689,4.3285,4.53921,7.00993,25.5841,LTE
4758310,-113.452,-113.981,-115.214,-110.965,-88.7675,-85.7022,-86.5217,-87.4105,-88.4912,-87.7584,-84.8537,-87.1654,-87.4236,-88.2995,-88.4221,-88.7519,-87.1128,-88.1492,-87.9931,-89.0333,-89.9829,-90.1057,-90.6268,-87.0301,-87.4518,-90.185,-87.8964,-89.5248,-112.144,-106.146,-100.675,-76.573,5.00635,2.86609,4.14186,6.13565,23.3507,5.30907,5.89656,4.60836,3.03483,4.05832,7.4493,6.55952,5.06229,5.28836,4.21635,6.39285,5.35517,4.15643,4.89194,5.95354,4.46188,4.40066,4.23282,6.24175,5.95497,3.05932,6.54007,23.9041,5.15141,9.1852,8.15205,24.4744,LTE
9063440,-98.6226,-96.9621,-96.8469,-113.112,-99.5498,-96.239,-96.7822,-97.8649,-98.0179,-96.6973,-95.2939,-96.8211,-96.8161,-94.5252,-93.6526,-91.1587,-92.1476,-93.3811,-93.9478,-92.6139,-93.6368,-94.8018,-95.4186,-94.9499,-95.4542,-96.6252,-96.1835,-94.9989,-113.522,-117.717,-117.604,-112.515,6.6391,5.31127,8.98242,9.46624,22.5063,7.20612,4.61226,5.20043,5.42855,5.74774,5.0912,4.74622,4.05619,5.76454,7.4802,6.9661,4.96616,6.49895,5.81987,6.16195,5.3573,7.04388,5.66147,4.75138,6.28619,5.9419,5.36893,19.1672,6.71411,5.1266,4.55517,7.70686,LTE
9063440,-89.1685,-88.0635,-87.7314,-108.007,-92.0384,-86.0672,-87.9837,-88.5715,-93.135,-96.342,-93.0617,-92.5982,-91.3126,-77.2933,-78.6331,-77.2224,-76.2163,-78.3663,-75.3062,-78.4894,-94.887,-94.0755,-93.385,-93.807,-80.735,-80.45,-77.6749,-76.6204,-108.683,-115.02,-115.238,-109.31,7.14829,3.39532,8.14862,9.70107,17.7991,3.47243,6.33279,5.31036,5.09009,5.40504,4.32664,4.92896,5.7336,6.80939,7.24374,13.2428,3.68706,7.54575,13.0785,7.19685,5.21292,4.52203,7.70918,8.2223,5.37556,4.59236,10.5847,16.9851,4.55116,4.68866,3.17924,7.5246,LTE
9063440,-101.752,-97.1348,-97.4008,-114.894,-115.877,-112.011,-110.349,-111.76,-108.223,-106.92,-102.774,-111.144,-109.757,-109.804,-101.656,-88.3551,-97.2813,-101.035,-109.439,-102.061,-104.525,-102.678,-110.255,-110.467,-108.08,-108.717,-105.372,-108.8,-121.554,-122.063,-121.729,-116.142,4.96517,5.55966,7.35301,9.16423,9.51318,7.95409,6.72786,8.72646,3.55333,6.78068,11.4579,4.98043,4.94296,3.1891,13.447,11.0118,5.53706,17.4473,10.4537,9.63072,5.28223,6.5782,3.04057,3.24377,6.9703,3.86855,8.09721,12.5019,5.03007,4.02695,3.95306,9.63204,LTE
9063440,-100.892,-99.8537,-100.064,-118.632,-87.5925,-88.6753,-91.1533,-90.8519,-91.6988,-91.5267,-89.5872,-91.2482,-90.8589,-86.7598,-86.7377,-85.0912,-84.1207,-83.6669,-84.9703,-87.5039,-88.1376,-89.3123,-86.735,-85.6937,-86.4297,-86.0367,-83.5507,-86.1466,-110.32,-123.902,-124.568,-120.082,6.61627,4.74284,11.0404,8.17518,23.875,4.17316,4.8971,4.71659,3.82655,6.48128,5.2849,3.23511,4.90858,5.42965,3.23296,7.80559,3.44382,6.79161,7.27167,6.00956,4.77889,4.40424,4.49732,5.76538,5.3208,6.02959,5.53915,13.9165,6.39587,4.93219,4.56087,7.6801,LTE
9063440,-92.1311,-89.7842,-91.5774,-106.435,-103.443,-103.409,-103.602,-103.642,-103.733,-94.7282,-92.4682,-92.8189,-92.8601,-93.2723,-93.6275,-93.3217,-93.3525,-93.5336,-93.0864,-93.2438,-92.4954,-92.6946,-92.8677,-93.694,-93.8492,-94.3117,-93.7801,-93.9568,-97.3646,-97.1865,-97.2651,-96.601,6.99104,6.11261,17.585,4.9856,7.84785,4.5211,4.60399,4.58489,4.67853,13.403,4.81527,4.76642,4.95793,4.65068,4.85506,5.19978,4.78454,4.59921,5.16292,4.69673,4.79199,4.70605,5.10918,4.94877,4.63954,4.89754,4.98826,7.3928,4.39777,5.09166,4.83157,5.25587,LTE
9063440,-104.365,-104.313,-104.279,-105.088,-89.1993,-89.1173,-90.463,-90.2733,-91.1173,-91.3367,-90.618,-90.3402,-90.3269,-89.875,-89.0176,-89.071,-89.6721,-90.1098,-90.8638,-91.1293,-91.3936,-91.0508,-91.2743,-91.2262,-91.1056,-91.6059,-90.1503,-91.3441,-105.179,-105.22,-105.215,-105.213,3.62534,4.80622,6.61132,4.44878,21.1308,5.64381,4.76765,4.8381,4.78949,5.93323,4.66157,7.6011,5.59741,3.28301,7.90699,4.50471,3.58073,7.11478,3.42615,3.90869,4.71479,4.76019,3.59638,4.67056,3.22224,8.311,2.92265,23.6987,5.029,3.99126,3.59551,7.0542,LTE
9063440,-102.397,-102.499,-103.185,-102.086,-88.6182,-85.5963,-85.4627,-87.1912,-89.0617,-88.0712,-88.4422,-87.315,-87.8493,-87.1312,-86.2335,-85.563,-86.6921,-88.1677,-87.4009,-88.9078,-88.1792,-86.7026,-86.0667,-86.6639,-86.8213,-88.5049,-86.4212,-88.7239,-103.552,-102.514,-103.253,-102.323,5.7646,4.52811,3.92461,5.66533,17.6595,3.60255,4.58409,3.73491,4.99514,5.19209,3.71218,8.7564,5.00297,5.17106,3.37819,4.21442,3.56764,2.65289,5.06938,3.25131,4.67684,3.17644,4.57958,3.02884,2.71793,6.26916,6.74823,16.6739,4.01006,3.92039,3.52218,4.41706,LTE
9063440,-100.258,-101.341,-100.578,-102.933,-86.0706,-84.6308,-86.8697,-87.7266,-85.6946,-84.4885,-86.8248,-87.8886,-87.4234,-87.4145,-86.5361,-87.3359,-86.7434,-89.9516,-88.4936,-89.3197,-90.3419,-89.032,-88.7698,-89.2585,-89.3779,-88.6325,-88.2373,-90.4245,-102.282,-101.934,-101.821,-102.187,2.45374,7.03327,5.53516,4.64343,24.1435,5.34206,5.1863,4.10123,5.21555,3.06865,3.67066,4.07581,3.32562,6.70513,4.11189,4.22171,7.14931,3.87101,4.17839,5.93123,4.67621,3.61283,3.44,4.5105,5.93197,3.27488,5.55209,22.4075,5.17875,3.05426,5.96636,5.57265,LTE
9063440,-109.291,-107.984,-108.791,-106.781,-92.4608,-90.0362,-91.5755,-90.9886,-90.2646,-91.3588,-91.143,-89.8349,-89.8287,-89.5244,-88.246,-89.7825,-91.364,-93.0254,-92.8941,-98.8253,-100.391,-102.921,-102.24,-97.1404,-99.7903,-100.996,-97.0577,-102.998,-112.33,-112.181,-113.789,-113.331,3.59218,5.50742,6.19971,7.09968,20.0088,2.67746,5.46206,5.20101,4.63822,3.73079,3.82268,4.64127,7.64954,4.23854,6.6262,7.22037,3.58975,3.54008,9.59319,4.06612,6.23931,5.13763,4.42711,8.285,6.96466,5.65132,8.09156,11.8087,3.94905,3.56529,3.52263,4.45816,LTE
9063440,-107.406,-107.406,-107.163,-104.211,-89.6768,-88.2474,-89.2139,-89.3079,-89.7064,-90.0961,-90.079,-89.6038,-89.6175,-88.7889,-88.9463,-88.0904,-88.7856,-88.6821,-88.34,-88.874,-90.1049,-90.6679,-91.524,-91.39,-92.1496,-91.5055,-91.3255,-92.4957,-109.291,-109.644,-110.047,-110.454,4.54078,4.61156,4.65856,6.5875,19.5918,5.49123,5.62448,5.62327,5.64498,5.36749,5.56058,5.68835,5.78755,5.09363,6.55025,6.56295,5.22077,5.68272,6.34834,5.65094,5.18708,6.041,5.59811,6.11341,6.31936,6.06603,6.17123,19.7435,4.58052,4.54051,4.51753,4.63248,LTE
9063440,-108.031,-108.015,-107.767,-104.801,-90.0199,-88.6454,-89.5631,-89.6494,-90.032,-90.3975,-90.3832,-89.9582,-89.9662,-89.1883,-89.4092,-88.6187,-89.344,-89.2043,-88.8044,-89.3152,-90.5693,-91.2545,-92.0425,-91.9136,-92.5431,-91.99,-91.8369,-92.8503,-109.896,-110.261,-110.637,-111.071,3.80697,3.22116,2.93155,4.25629,26.0739,5.07571,4.53336,4.48167,5.71706,4.31219,3.26315,5.63521,5.41341,3.09985,5.69785,11.5731,4.20631,6.06111,3.5864,5.7134,3.62233,3.07679,5.6644,6.70081,5.79274,7.13914,6.18684,27.314,4.96725,4.49661,3.76701,5.0694,LTE
9063440,-103.774,-102.895,-104.24,-100.779,-89.9582,-91.2081,-88.7621,-84.2145,-84.0005,-83.962,-85.3275,-85.3178,-90.6031,-89.6051,-92.2441,-81.4517,-82.32,-88.4053,-88.7972,-90.6939,-90.0066,-90.3724,-85.3187,-87.1555,-87.5442,-88.5419,-92.8452,-91.5001,-104.281,-104.86,-105.265,-104.617,3.99255,5.76331,3.26204,7.54404,16.7106,3.0809,8.53703,10.5627,6.06654,5.02591,3.07288,10.3232,5.47585,3.77431,5.74715,16.1016,5.27112,4.98684,7.22001,3.85497,5.325,7.70405,9.46776,7.93739,8.63815,6.01802,6.15253,16.0651,3.97197,3.07697,4.4074,5.2281,LTE
9063440,-108.174,-108.253,-107.914,-105.052,-90.9665,-89.5229,-90.6032,-90.7176,-91.1386,-91.4689,-91.5087,-90.9039,-90.9718,-90.2523,-90.195,-89.2598,-89.8705,-89.7784,-89.6208,-90.0528,-91.3948,-91.9644,-92.5346,-92.3865,-93.1276,-92.5409,-92.4469,-93.7474,-110.055,-110.413,-110.793,-111.154,4.49322,4.65332,4.69187,6.55361,19.0731,5.48902,5.58637,5.60169,5.62747,5.48369,5.46286,5.72923,5.77068,5.09115,6.49939,6.64451,5.26717,5.68582,6.17748,5.71994,5.13162,5.7976,5.71501,5.97898,6.29632,6.16161,6.20138,19.1819,4.54441,4.59663,4.57239,4.66413,LTE
9063440,-106.732,-106.775,-106.533,-103.589,-89.0379,-87.7422,-88.5729,-88.6764,-89.203,-89.5544,-89.4256,-88.9308,-88.9429,-88.3033,-88.3375,-87.4058,-88.2405,-88.167,-87.8857,-88.3761,-89.7699,-90.609,-91.3876,-91.2025,-91.7124,-91.0585,-90.8721,-91.8392,-108.694,-109.088,-109.48,-109.903,2.49054,5.64288,5.58041,8.65723,27.9684,4.31758,4.32876,4.40292,4.21067,4.20606,4.98278,2.93277,4.43513,3.23822,3.56801,4.29269,5.27464,4.5831,5.13635,3.69237,3.63828,5.56919,3.25155,7.88158,9.60268,4.62043,5.74064,27.1899,5.51237,4.32938,6.70708,6.01792,LTE
512295,-115.822,-114.947,-113.549,-98.0672,-97.0222,-96.7861,-97.0163,-97.6936,-99.2415,-105.281,-101.298,-95.905,-91.2659,-86.8886,-83.2543,-81.1348,-81.6062,-84.8539,-89.1937,-92.6624,-98.1952,-102.925,-105.219,-96.725,-95.6358,-95.4058,-95.623,-96.2514,-99.8295,-113.059,-113.926,-114.555,3.60249,3.64055,4.0304,16.448,4.59364,4.53002,4.84552,4.72577,10.8202,5.11707,5.98927,6.70632,6.12006,6.17974,5.62615,5.2039,5.64214,6.08053,5.64117,6.70894,6.16324,5.83238,5.48851,9.478,4.85683,4.43758,4.67192,5.40544,15.5968,3.6553,3.30385,3.45134,FM
5712710,-102.746,-92.9781,-77.4949,-88.7502,-86.5983,-87.3172,-87.0889,-86.0491,-85.3244,-85.7921,-84.5643,-86.4542,-85.6445,-85.4767,-84.9823,-86.0107,-87.0755,-88.0777,-88.6133,-89.4045,-88.5398,-88.3783,-89.3379,-88.5945,-87.1969,-88.8474,-88.2157,-87.6344,-89.6759,-91.1553,-94.1065,-102.368,4.92034,8.03659,17.8474,5.0755,4.89536,4.40834,3.33072,5.81353,3.82972,4.19643,4.77393,3.89817,5.86059,4.5819,6.3046,4.6116,6.93945,4.54201,3.85778,3.41016,4.06219,2.83154,3.79075,4.9027,4.46183,3.93617,3.40045,3.88869,4.2852,7.35849,8.03626,7.12055,ATSC
562275,-118.009,-115.463,-112.809,-103.101,-98.9288,-96.703,-95.4393,-97.0512,-99.8376,-109.266,-107.354,-105.978,-103.834,-99.2681,-94.6734,-96.0341,-95.6255,-103.293,-106.394,-109.882,-104.024,-100.752,-94.2756,-92.992,-95.7569,-96.3234,-103.152,-103.569,-107.07,-113.001,-111.356,-111.413,2.35762,4.93112,3.27235,13.9172,5.45453,3.6778,4.3823,4.15205,12.7233,2.36252,7.10201,10.6618,6.45529,6.19437,9.65092,6.46209,5.16126,4.93554,10.6051,9.95506,4.25686,7.9016,4.03703,5.07822,7.47742,3.55974,12.7466,3.60132,12.3247,3.7641,6.14838,4.32135,FM
5762690,-103.501,-93.03,-75.8968,-87.5144,-88.0009,-86.8655,-86.623,-85.0775,-84.5354,-84.7287,-84.7958,-86.2734,-86.4906,-86.1475,-86.2226,-86.6044,-87.3761,-89.009,-90.357,-91.5363,-91.2981,-92.1402,-90.6255,-88.1453,-87.8154,-87.0316,-87.206,-86.4201,-86.5459,-88.9292,-93.7201,-103.304,5.08379,10.868,17.9819,3.91187,4.81275,4.96218,4.12452,4.84513,4.8835,4.59067,4.84087,4.53161,4.53574,4.7493,4.9173,5.17937,5.39403,5.49672,5.17343,5.27618,5.12603,6.52461,7.22681,4.55788,4.15351,4.08751,4.58714,4.65612,4.48658,7.97902,9.46381,5.52541,ATSC
4468210,-97.6129,-97.166,-97.1566,-97.091,-88.3698,-87.6408,-88.4748,-88.4973,-88.1783,-88.3814,-87.6491,-88.2536,-88.5746,-88.35,-88.0953,-87.4153,-87.7041,-88.3544,-88.8564,-89.4226,-89.2782,-88.2809,-89.0593,-89.3099,-89.2614,-89.2621,-89.4509,-90.1496,-97.5396,-97.6203,-96.9144,-87.0224,4.66733,4.86011,4.61598,4.67076,12.0806,5.38151,4.85746,4.54355,4.88107,4.67855,4.76163,5.00148,4.64591,4.86196,4.67846,5.18185,5.31365,4.77113,4.8524,4.85906,4.66704,5.17647,5.02167,4.7495,4.8093,4.85872,4.85006,10.1563,4.59838,4.59726,4.73784,12.2473,LTE
634746,-105.098,-102.946,-100.432,-98.7164,-89.5925,-89.2953,-92.1498,-85.7429,-85.7028,-87.1565,-86.5239,-85.6521,-85.412,-85.3476,-85.1887,-84.4435,-84.5531,-85.7057,-86.825,-90.4334,-91.899,-91.2194,-92.726,-97.6898,-97.7858,-98.2992,-98.4251,-100.619,-99.6214,-102.461,-106.108,-108.915,8.2612,6.14828,7.00538,7.42493,13.3412,8.03128,5.52001,11.0728,5.97496,4.81091,5.11576,4.93031,4.7582,5.03087,4.94336,5.11221,5.33408,5.45751,6.52533,6.37064,5.30398,6.57758,9.84701,5.14059,4.7015,5.2759,8.38147,7.01232,8.19956,7.46317,6.00549,7.39417,ATSC
6109870,-107.498,-91.6134,-74.0339,-88.0541,-89.0868,-90.8899,-92.1823,-90.4022,-86.9593,-86.4972,-87.2667,-90.0611,-88.6203,-87.3259,-85.8417,-84.3729,-85.2609,-85.0695,-84.9891,-86.904,-89.0994,-89.1054,-87.4898,-88.0838,-88.8563,-87.5622,-87.8667,-85.9208,-87.8367,-90.1968,-95.8076,-112.016,12.9026,11.9736,18.5011,3.95741,5.90147,3.87125,7.23524,4.14144,4.12989,4.62752,5.16056,3.36245,4.75868,4.36655,4.17284,6.47189,3.4175,3.5581,6.11816,4.94612,4.96621,5.1425,6.5463,3.86227,4.75456,4.25797,4.42692,5.28042,4.77964,9.95765,13.9291,9.08144,ATSC
6334080,-135.353,-123.464,-119.449,-120.648,-118.024,-118.817,-117.536,-118.34,-90.4079,-74.3248,-83.8159,-82.2821,-83.3231,-85.5334,-83.1761,-83.8903,-82.9874,-83.3321,-86.6256,-86.9216,-85.1501,-85.3229,-84.6199,-91.1912,-118.908,-119.6,-118.993,-121.377,-120.033,-118.358,-121.935,-135.497,29.0715,9.18525,5.5677,3.11765,6.00135,5.19101,5.21774,3.09533,30.1855,14.6283,6.47846,3.43454,5.52551,4.78223,6.48403,3.51543,6.99694,6.16711,3.40675,3.62718,5.66665,4.78108,7.93176,28.0017,3.31466,3.11014,4.4599,3.52672,5.57011,8.00212,10.8301,30.9906,ATSC
6754480,-117.004,-112.933,-116.119,-116.045,-113.594,-108.93,-105.789,-98.3362,-76.5543,-85.4545,-86.5948,-83.5041,-85.0419,-86.2462,-83.3876,-81.9649,-81.383,-84.5912,-86.1893,-85.1225,-84.6807,-84.07,-83.3002,-94.3455,-112.645,-106.612,-114.624,-112.026,-116.563,-106.019,-113.479,-117.478,16.9025,7.68841,4.9227,4.79995,6.63842,11.4364,13.8036,21.3776,20.4451,5.00306,6.06406,6.8403,4.39538,7.07997,6.51719,4.84053,4.94757,3.46052,3.84037,4.52049,3.87711,4.43337,24.5598,18.612,11.3586,9.23796,9.22236,2.8112,2.54266,8.85106,6.01439,11.8695,ATSC
6418160,-137.329,-123.842,-122.366,-122.397,-120.182,-121.455,-119.994,-122.45,-87.6848,-74.1024,-83.8807,-82.3227,-82.2067,-86.0385,-84.0668,-84.8668,-82.4984,-84.9721,-85.6472,-85.8839,-88.1198,-85.0644,-86.4102,-90.7896,-123.142,-120.769,-122.435,-112.144,-120.823,-118.832,-124.757,-134.409,48.2806,9.65269,3.38427,3.52405,4.54747,4.3775,4.00695,4.57514,35.6277,15.9152,4.07331,4.33903,4.8391,6.63055,4.16886,6.23019,4.2915,5.58447,6.07591,7.57462,3.48887,3.05452,7.38253,32.8965,4.36091,6.15052,4.72585,13.5616,4.31674,5.68046,10.1333,44.6614,ATSC
616592,-124.253,-123.037,-121.401,-120.472,-97.584,-94.168,-96.1817,-95.02,-94.4336,-105.394,-109.948,-100.57,-93.9401,-88.9334,-86.2546,-87.4738,-88.7658,-90.1683,-95.74,-104.979,-95.3263,-94.9058,-94.1407,-94.4291,-93.2723,-97.2027,-117.847,-118.954,-119.874,-122.463,-120.099,-124.504,4.437,3.55606,3.93057,4.53582,26.7585,6.36393,3.663,5.60469,4.95293,14.7893,5.06881,9.06669,7.78603,5.13581,4.30595,3.80154,4.73351,5.7076,11.5073,9.42553,20.3916,3.31286,3.62007,4.44499,5.08932,24.0787,6.85462,3.16976,4.57211,2.97858,4.65738,2.18131,FM
616592,-123.981,-124.195,-124.306,-122.867,-107.03,-104.949,-98.4186,-95.0806,-94.7955,-100.002,-106.249,-102.522,-95.6788,-90.2618,-86.7864,-83.8401,-84.6686,-89.837,-97.1948,-103.152,-99.7573,-100.378,-95.115,-97.6188,-97.903,-100.554,-113.382,-121.227,-123.532,-124.918,-123.822,-125.796,5.67504,5.28164,4.50985,4.61789,18.5517,4.96306,8.87747,7.35017,4.54838,14.5787,9.28756,8.70213,8.38918,7.87525,7.36529,7.73135,8.59044,9.72545,11.1872,11.7048,15.4852,4.6061,11.7911,4.59672,4.62915,16.3257,10.5699,5.0654,4.63968,4.57462,5.99132,4.37525,FM
784753,-123.118,-121.232,-111.895,-117.998,-117.706,-118.302,-118.752,-120.1,-115.625,-108.104,-102.567,-100.644,-101.265,-101.92,-114.239,-105.457,-92.4691,-79.9607,-79.5767,-82.2531,-91.1491,-101.674,-111.242,-99.2715,-98.323,-98.163,-114.886,-117.043,-120.746,-122.598,-120.232,-117.717,4.18252,4.95157,11.1728,3.79239,4.55911,4.49976,4.21732,5.07256,6.12679,8.23225,9.09228,5.03631,4.40885,17.8986,3.12487,10.6874,12.5764,14.0412,3.61791,8.68228,10.8723,11.8138,4.66605,12.4491,4.03857,16.2354,3.42931,5.84556,3.05302,4.10415,4.54614,3.61423,FM
672646,-112.344,-113.795,-109.592,-105.642,-111.019,-108.303,-106.761,-96.7648,-93.624,-93.1988,-91.5194,-99.5338,-103.98,-100.689,-91.0426,-82.3547,-81.4331,-79.7061,-82.0147,-85.7759,-92.7199,-101.178,-95.3988,-89.0242,-87.7254,-88.5359,-92.6327,-110.489,-112.555,-112.375,-113.458,-114.228,5.63669,4.01983,6.33527,9.51418,4.14544,7.17383,6.3331,17.8356,6.98893,4.57007,6.12289,14.2433,6.70078,6.00297,10.3391,12.1211,7.98438,5.47956,5.23666,7.5172,12.5292,8.83727,15.7458,4.873,6.69823,4.31165,22.7825,5.23712,4.55958,6.22005,3.44688,3.50553,FM
616592,-127.231,-128.492,-128.956,-127.019,-123.844,-98.3439,-96.7889,-96.8008,-98.4033,-99.4688,-112.872,-101.884,-96.4516,-89.8995,-79.3359,-77.0007,-79.5697,-90.6374,-100.032,-104.426,-115.093,-95.6178,-94.3457,-93.5108,-93.4045,-94.8841,-122.136,-125.316,-125.632,-126.516,-125.236,-124.335,5.1142,4.08139,3.82584,4.68626,6.73409,26.2346,4.42493,3.50702,3.78008,22.807,7.89062,11.8124,8.10219,7.70872,10.0701,6.00137,11.5598,9.8234,8.31933,14.7001,6.53345,28.6783,5.27135,4.06386,4.40014,28.6434,7.05552,5.11945,4.56714,3.81124,3.93061,4.70626,FM
644619,-129.56,-128.847,-128.063,-126.058,-122.69,-115.46,-93.967,-93.7978,-94.068,-93.4864,-95.4544,-119.602,-115.074,-107.352,-86.7191,-68.7351,-70.83,-91.926,-107.507,-120.093,-120.881,-94.369,-94.0657,-93.5788,-95.0393,-95.6192,-119.096,-125.156,-128.12,-128.241,-130.022,-130.733,3.86086,4.63072,2.84581,2.8586,3.9511,7.06436,22.0597,4.14254,4.07886,4.24017,25.4565,7.51031,10.0238,13.1271,27.299,27.312,25.8512,22.605,13.2741,6.51073,7.18731,28.4902,4.56896,3.80471,3.10905,22.0486,6.75987,3.89823,2.34613,6.51062,3.92297,4.44608,FM
560538,-100.019,-100.172,-101.997,-97.751,-92.9919,-94.5747,-95.0812,-94.3049,-98.2942,-95.7553,-90.1667,-79.844,-81.1245,-81.5527,-79.5541,-81.53,-84.0621,-85.6105,-88.9804,-91.8206,-97.521,-100.07,-92.7404,-91.9367,-93.0295,-91.9153,-93.8952,-103.062,-104.416,-104.705,-106.438,-106.274,3.58147,3.20785,3.57153,5.99496,4.41541,4.83579,3.4597,7.2457,4.56075,5.5339,12.8794,13.0462,10.0673,9.95833,10.8456,8.80624,7.82165,8.11269,9.7254,7.61886,6.48997,3.47656,8.71621,4.814,3.84083,4.94265,10.5421,2.99905,4.02128,3.71577,3.36584,3.63121,FM
560538,-117.687,-117.087,-116.792,-115.913,-99.4317,-97.9066,-99.0765,-99.3329,-97.734,-99.3743,-101.938,-94.3134,-89.3397,-86.3225,-82.8617,-80.2014,-80.8536,-82.1085,-84.1033,-86.5707,-92.9606,-99.1171,-93.5312,-94.8508,-94.68,-96.6798,-95.3212,-98.26,-111.826,-113.837,-116.006,-115.177,4.09142,4.14587,4.75132,4.53852,19.4231,5.38745,5.05615,5.17977,4.87868,10.3495,5.79737,7.96041,7.88342,5.71556,6.11183,5.25507,4.00388,5.19186,3.40913,5.79137,8.43936,7.64758,12.6258,6.48882,5.53279,4.40599,4.75349,15.0086,3.84156,4.84351,3.10493,4.72063,FM
560538,-102.73,-103.004,-102.488,-101.017,-96.253,-95.5085,-95.615,-96.0503,-97.1471,-97.1092,-96.0618,-95.3962,-93.5232,-90.846,-89.1414,-89.369,-87.2321,-86.5017,-92.3485,-95.8949,-98.8717,-101.755,-99.1358,-95.545,-95.0079,-95.1034,-95.5237,-97.2849,-100.707,-104.894,-105.44,-105.645,4.86149,4.55501,4.59457,5.18438,8.90649,8.13791,4.64542,4.91544,4.68099,5.96318,10.0466,7.94419,6.83809,7.14608,7.24015,6.42484,7.81492,9.10911,7.09333,6.54293,6.5438,5.26637,7.32712,7.99405,5.09893,5.19471,6.60551,7.42705,7.63815,4.54181,4.44751,4.52294,FM
560538,-113.564,-113.074,-112.399,-111.297,-109.251,-90.1551,-92.0396,-90.8088,-91.4471,-91.8618,-108.115,-113.311,-110.745,-104.068,-96.7165,-84.0031,-76.9263,-87.6911,-97.034,-104.617,-111.899,-113.017,-101.498,-94.5792,-94.525,-96.0559,-95.5745,-95.4535,-111.162,-112.294,-114.67,-115.118,5.54059,4.62337,4.76639,4.75871,8.24054,13.0699,4.55669,4.46684,4.44287,5.79364,12.5101,5.32067,5.32157,8.00769,7.28897,7.46002,9.35248,12.3223,7.08709,6.11224,6.87655,5.38545,6.84793,11.3595,4.47472,4.51674,4.57419,8.48134,11.6575,4.73309,4.53844,4.64768,FM
560538,-118.236,-116.618,-114.495,-108.48,-108.476,-102.699,-101.795,-99.8114,-100.535,-101.425,-101.582,-106.765,-102.581,-96.7636,-89.4741,-84.8371,-82.3626,-80.8647,-81.5679,-85.1123,-89.5449,-96.5879,-103.454,-100.389,-101.197,-101.05,-101.901,-100.92,-109.916,-113.127,-114.538,-116.261,6.07332,4.07438,3.53132,9.93073,5.13604,9.3748,5.37852,3.97056,5.62395,5.43333,13.1629,9.50896,5.51097,10.5812,7.65057,6.52998,5.49226,4.62288,7.71065,8.00862,7.80711,9.2787,6.09788,6.20312,3.79951,4.11137,3.92723,4.8897,7.85393,3.8163,6.17331,4.91297,FM
560538,-109.123,-107.376,-109.915,-112.949,-102.622,-102.006,-103.531,-103.23,-106.92,-116.841,-115.75,-107.263,-104.64,-91.5363,-78.1393,-72.5032,-84.0253,-94.3733,-104.415,-105.203,-115.423,-112.913,-103.176,-103.294,-101.566,-101.429,-101.854,-115.522,-118.246,-118.366,-118.06,-117.58,5.29843,6.15138,3.51967,6.20837,13.0112,4.27097,3.86668,4.44647,13.355,8.27488,5.09778,11.5262,4.75124,15.278,10.2706,9.96159,7.49897,12.7595,4.9127,11.4827,7.52732,10.0721,17.6889,4.06721,4.4605,3.67211,16.2384,7.04414,2.79735,4.66751,3.67072,6.29819,FM
560538,-113.85,-114.199,-112.266,-110.567,-102.692,-102.009,-102.756,-102.92,-102.991,-101.92,-96.532,-92.6543,-86.8155,-82.9496,-83.1703,-81.18,-82.3649,-82.8445,-83.9374,-88.8231,-97.0085,-102.183,-106.734,-104.961,-103.069,-104.523,-104.992,-110.237,-108.695,-107.468,-106.974,-105.969,4.55579,4.22157,5.49869,4.42735,10.8689,4.48673,4.50888,4.83325,7.60002,5.92495,7.6981,5.5929,5.97385,6.80514,3.55148,6.82938,4.21573,4.67517,5.51534,11.3118,8.08837,6.70654,5.43501,3.32188,5.15863,6.27995,5.88686,3.46709,2.8734,3.42887,2.83765,3.0546,FM
560538,-100.364,-103.06,-102.931,-102.69,-96.298,-96.6204,-97.3156,-97.5373,-97.7413,-100.494,-96.6475,-92.1614,-89.417,-87.7478,-86.907,-86.8042,-87.4662,-87.7121,-91.0687,-93.8787,-98.0205,-101.274,-99.8819,-96.9048,-97.3735,-98.9203,-100.119,-105.088,-105.447,-105.316,-104.945,-104.34,6.64036,4.33243,4.33037,4.45826,9.95316,4.35476,4.23254,4.28548,8.71163,5.27526,6.14175,6.9827,5.46083,4.9476,4.68206,4.47471,4.55314,5.56523,5.25777,6.65607,6.30904,5.63222,7.51063,4.68418,4.71096,4.62233,6.84429,4.15298,3.92378,3.89187,3.88737,3.89823,FM
560538,-102.983,-105.532,-105.082,-104.479,-99.1119,-96.6914,-96.9252,-97.3298,-97.9688,-102.076,-100.344,-96.8021,-93.8157,-91.8926,-90.6978,-88.2819,-88.4565,-88.6766,-91.669,-94.3456,-97.9377,-99.9771,-95.6034,-94.0357,-93.0839,-93.3814,-93.6393,-99.8421,-102.526,-103.602,-104.7,-105.8,3.6568,4.65156,4.01746,4.04565,4.85301,16.4033,3.85042,4.11594,3.91707,14.5896,4.43671,6.54733,6.78368,6.79288,7.34861,4.2109,4.80403,4.39913,3.66047,5.05094,6.97418,8.75732,5.76947,10.7189,4.35493,5.01411,3.80936,11.5234,5.27093,6.04444,5.10349,4.18003,FM
560538,-102.783,-102.208,-101.936,-101.577,-98.0247,-97.2855,-97.8846,-98.1101,-98.0962,-101.037,-100.953,-97.6873,-93.5315,-90.4669,-88.0248,-86.2107,-86.0525,-87.5912,-89.7921,-92.4284,-95.7954,-99.765,-102.968,-99.2672,-98.6631,-98.2902,-98.0652,-96.7941,-104.371,-105.131,-105.55,-105.606,5.38561,4.57937,4.61682,4.64224,8.88087,5.74313,4.46326,4.50614,6.23942,6.04366,5.3697,6.19889,6.15887,5.50867,5.23374,5.07012,5.48193,5.24492,5.59795,5.7791,6.15421,5.78497,4.9483,8.58056,4.51224,4.47911,4.49992,11.8897,4.79734,4.69537,4.55692,5.5422,FM
560538,-109.828,-107.806,-108.03,-108.08,-98.6471,-97.7538,-98.4074,-96.8943,-97.605,-108.638,-105.279,-99.5247,-95.8709,-91.3108,-85.2814,-81.9398,-80.0196,-82.2065,-89.1434,-93.0408,-97.587,-104.305,-106.158,-96.5726,-97.1161,-98.1429,-96.3182,-105.799,-107.11,-108.399,-108.328,-108.888,4.7636,4.40135,4.42507,3.44315,12.533,4.33574,2.70259,5.88897,14.4391,4.6511,4.82458,7.82444,5.49203,6.41208,7.07059,4.56613,5.64457,7.25513,6.4215,11.8149,7.21146,4.51131,3.88121,6.59272,4.69326,2.71901,6.76508,6.85645,7.27456,4.25356,3.17916,3.84927,FM
5969730,-99.3609,-80.1498,-88.6965,-85.4732,-86.0152,-85.5485,-84.3415,-86.5196,-87.0975,-86.7994,-87.4456,-87.1834,-89.8887,-92.1885,-89.1108,-90.2154,-85.7874,-86.8569,-87.806,-85.0833,-83.0796,-84.0513,-83.5661,-85.5541,-88.0916,-89.9511,-88.8391,-90.7605,-92.7194,-96.4918,-101.647,-99.8052,4.9156,19.1937,5.10586,4.19053,3.626,2.39167,6.11164,3.1835,4.32055,3.10025,4.1825,4.93498,7.06963,3.93866,5.9253,6.38018,9.06626,4.21298,4.94411,4.26357,5.46639,5.47771,6.15061,5.90302,4.5405,2.7884,5.1767,3.81883,4.34973,6.02239,4.72573,4.67294,ATSC
5969730,-102.589,-96.024,-76.834,-88.4247,-91.0128,-91.4182,-86.7867,-86.1481,-85.7382,-86.4521,-88.1589,-90.984,-90.0578,-91.1043,-88.7232,-90.787,-92.2925,-95.0481,-92.9229,-92.5069,-92.8026,-88.5544,-84.6303,-87.4482,-85.5983,-83.1548,-83.9311,-83.9384,-86.5419,-89.3569,-93.7941,-100.421,5.79024,10.7099,19.6669,5.34965,5.25194,4.6261,6.52776,5.19626,4.62322,4.64108,5.94869,3.88724,3.3347,4.88643,4.63417,5.42199,4.60916,4.45072,7.12711,6.84892,7.42996,6.28639,5.3365,3.87542,3.73845,4.35705,6.46442,2.65968,4.35751,4.20523,9.41568,5.47571,ATSC
6193950,-105.276,-93.8291,-76.5776,-87.85,-89.2802,-87.9782,-87.2223,-85.8595,-85.9571,-86.0741,-86.5677,-88.0519,-87.0737,-87.4097,-87.0211,-87.0353,-88.3487,-90.5868,-89.8964,-90.2397,-90.6452,-90.3765,-87.4781,-86.4107,-85.4474,-84.4222,-84.5476,-84.7355,-85.5871,-88.5821,-92.4678,-107.029,13.9961,12.0619,18.3139,3.4544,4.62351,4.05188,5.9213,3.76482,3.46532,6.71651,4.89896,4.51972,4.92197,5.74698,4.18359,3.86132,5.8239,2.99448,3.44664,4.05145,3.82666,5.70966,5.83541,4.79279,6.07921,4.39827,4.75805,4.78845,3.09492,5.94807,14.8844,12.8232,ATSC
6193950,-101.213,-83.2555,-92.5224,-91.385,-89.3421,-87.519,-84.5524,-83.9516,-84.5029,-82.5847,-84.5252,-86.3638,-85.8638,-85.9121,-87.2033,-89.1968,-91.8252,-89.1301,-87.8212,-85.5618,-84.0124,-88.3735,-86.8167,-87.1426,-84.6385,-84.6266,-87.6272,-88.4989,-94.0447,-97.3876,-98.1702,-102.059,11.4978,18.985,5.79288,7.26503,3.53918,5.26845,4.93341,3.35196,3.71384,5.66315,5.48708,4.72506,3.52967,3.45734,4.66935,6.9457,10.5126,9.82826,6.12432,3.86811,7.24087,2.2849,4.38497,4.50671,8.7926,7.37171,4.67192,6.41097,7.42796,8.45885,10.4248,10.186,ATSC
5997760,-107.736,-93.6782,-76.0961,-88.6148,-88.8094,-89.9089,-89.7111,-91.099,-91.5247,-90.828,-89.638,-88.3752,-87.4013,-87.8115,-88.799,-88.5811,-86.6843,-85.3437,-84.4119,-84.8468,-85.7757,-86.2788,-86.5058,-86.9198,-86.0913,-85.907,-86.2252,-85.831,-86.1359,-87.8511,-94.7069,-109.703,3.51932,13.1523,18.2672,6.30052,5.81036,2.2682,4.85349,4.9863,5.13864,4.40004,3.786,5.14167,4.13673,6.03923,4.27572,5.58565,3.68214,4.60973,3.5862,4.83551,3.6488,4.98186,6.60551,3.77689,2.71318,5.35365,4.7233,2.57082,4.61926,6.3316,16.0294,4.62018,ATSC
6137890,-104.836,-91.786,-73.5342,-88.2318,-90.1143,-91.5128,-88.2557,-84.4197,-84.2204,-83.7207,-84.3159,-84.9108,-89.6901,-87.9179,-87.1826,-87.0252,-86.9169,-87.3288,-89.5177,-93.4955,-91.1113,-87.4178,-88.9276,-89.8593,-90.0808,-91.742,-90.9454,-88.4826,-87.6285,-88.5348,-93.1318,-104.942,6.69955,16.5118,20.0962,3.80734,4.73711,3.21396,3.89621,6.35951,5.41209,6.38292,3.12112,5.74558,6.50648,7.24371,4.05207,7.27106,7.837,4.5685,7.83042,4.25533,4.39464,4.27254,4.30832,5.34153,5.9902,8.3828,7.51176,6.69421,4.62404,6.71106,8.78233,10.2392,ATSC
5969730,-108.694,-98.9658,-79.23,-89.1423,-85.3484,-84.7207,-86.3864,-85.1679,-86.4651,-87.207,-88.7963,-87.667,-87.6565,-89.7113,-92.3081,-89.7409,-89.8378,-88.908,-86.5385,-85.6108,-83.8183,-84.4361,-82.9193,-84.8367,-85.7897,-87.7961,-87.7504,-87.7509,-89.3073,-91.8742,-98.7725,-108.959,10.1639,15.9915,21.4623,5.31145,5.03079,5.53288,3.1963,3.69556,3.40567,3.82411,2.90697,4.26055,5.24978,5.19017,3.82491,5.2,5.0704,4.57238,5.44746,4.52763,6.44256,4.52806,6.12417,4.30968,4.62756,4.31297,3.51701,3.30303,4.85538,6.08476,7.15859,9.76385,ATSC
5969730,-105.798,-94.4163,-75.027,-93.4813,-88.9094,-89.8012,-85.306,-83.3664,-83.8848,-85.5932,-89.7962,-85.5491,-87.1832,-90.4813,-85.6007,-85.6248,-86.0161,-84.3234,-88.3253,-86.7302,-89.0552,-85.5264,-84.268,-87.3446,-86.0467,-88.4932,-89.413,-90.3467,-91.8526,-91.2459,-101.815,-99.9317,11.5424,11.074,20.8943,4.59881,7.23589,5.21037,7.30599,4.2802,5.51605,4.60814,5.40459,10.618,4.52715,3.50572,6.17205,6.33567,4.70306,5.93597,6.40638,6.93724,6.08138,7.45377,5.32655,5.20962,4.00604,8.33781,4.86395,7.48401,10.6463,8.69852,9.58504,16.269,ATSC
5969730,-99.5875,-96.7176,-79.7986,-91.0583,-93.1383,-90.6107,-89.5917,-86.0347,-86.233,-86.7515,-87.6612,-88.5305,-89.1776,-87.3945,-86.6806,-86.4495,-85.4172,-87.2293,-86.8983,-85.797,-87.9462,-88.5486,-87.7953,-87.2282,-86.5008,-87.5501,-86.4176,-87.4938,-87.0103,-90.8565,-95.6378,-103.152,5.54447,4.92082,17.6313,6.30054,3.29134,4.83295,3.51527,3.62499,6.47984,6.98392,6.66955,4.76852,3.51733,4.53107,6.92035,4.30406,6.17649,4.85696,3.41071,4.41347,4.56693,3.44051,5.46939,5.31731,4.37598,6.24606,5.38696,5.59394,2.98239,5.70333,8.74786,3.5016,ATSC
6334080,-140.908,-124.38,-121.468,-120.716,-122.96,-123.284,-121.989,-121.99,-89.9609,-75.0122,-86.3402,-84.4017,-83.142,-83.1697,-81.8191,-82.5337,-83.7971,-84.6573,-84.7358,-84.8271,-84.6989,-84.2112,-86.4574,-92.5398,-121.916,-122.646,-121.784,-122.104,-122.302,-124.149,-125.285,-138.677,39.0055,15.7556,6.4044,6.00306,4.2092,2.75477,4.91741,5.05151,34.4688,13.5272,4.97193,4.10138,5.09995,3.92051,4.78955,4.34978,4.51373,4.69511,4.12259,4.48343,3.34368,6.37993,10.9926,32.5183,4.14174,5.35955,4.84619,5.80444,3.79224,3.75737,13.4998,42.9678,ATSC
6165920,-102.675,-91.9381,-74.5711,-91.1297,-94.573,-91.9661,-86.6574,-87.8432,-85.5823,-84.8202,-84.2696,-86.4471,-86.2343,-84.5659,-85.1405,-85.7758,-86.0471,-87.4849,-88.136,-85.5534,-87.2735,-89.6238,-98.8322,-90.8583,-89.6273,-89.4576,-86.1152,-83.9109,-84.2991,-85.5225,-90.2165,-104.302,20.4259,8.09576,18.9687,7.10518,5.94652,7.58031,6.87269,3.85565,6.57428,5.71865,6.38688,4.58306,5.51053,6.26809,3.70718,5.73174,6.27193,4.70251,4.53215,5.50865,5.80312,9.67538,10.5111,9.79967,4.77335,3.03099,4.28903,5.5518,4.85434,5.60824,11.7017,18.6195,ATSC
6165920,-97.9791,-76.726,-72.4749,-87.1799,-90.1987,-90.731,-87.5158,-85.0435,-85.085,-82.8148,-82.8531,-86.0003,-95.0361,-87.4014,-82.2505,-83.4315,-83.6724,-83.2965,-85.355,-86.3324,-88.3544,-91.8619,-93.6918,-93.1656,-94.4385,-92.9395,-93.4181,-93.7483,-93.5817,-95.6896,-100.929,-105.511,8.66372,20.3013,21.1943,7.41789,7.07887,8.53265,6.94501,6.22269,4.83991,6.49596,8.00194,11.0146,8.53157,11.4605,10.6429,5.30542,7.23665,4.66605,3.53893,5.81416,6.43294,4.47861,7.09438,9.1062,6.04208,8.47627,7.32395,7.496,4.78379,6.1865,6.0086,2.89929,ATSC
4932740,-110.904,-109.23,-109.377,-109.654,-88.7073,-85.0068,-84.9701,-85.8254,-86.1545,-85.3582,-84.5038,-86.6534,-86.4397,-86.6619,-90.1467,-88.8372,-89.8791,-89.452,-87.2325,-88.8446,-89.0831,-87.4237,-85.0868,-86.8413,-86.3841,-86.4631,-86.4994,-87.3268,-108.552,-108.756,-105.742,-95.6974,5.32332,5.96764,3.93781,3.79494,20.5073,6.81348,8.34092,5.62659,3.14096,5.98967,5.59315,3.53423,6.4006,6.02938,2.71986,2.89488,4.80534,7.70543,5.4502,4.73953,4.7572,6.28196,7.50513,4.02165,5.82337,6.13217,4.39157,22.5881,5.04006,3.69763,4.44673,11.5733,LTE
9809420,-96.1356,-98.2427,-98.4175,-117.249,-99.9997,-99.5445,-100.338,-99.0646,-97.2551,-97.6514,-95.0708,-98.5016,-98.2435,-99.1167,-98.045,-89.7057,-89.6234,-93.3669,-92.0539,-95.275,-100.104,-98.6586,-99.6236,-100.945,-99.8296,-100.246,-100.777,-101.798,-118.445,-119.486,-119.692,-119.36,4.09596,2.61192,24.0941,6.39935,17.2832,5.7332,5.55361,5.0051,5.40628,3.14495,6.76035,6.78656,4.91324,4.75609,4.43462,11.2814,7.617,2.94772,4.47021,4.74058,3.66856,4.42294,3.14288,4.10794,5.02621,4.52602,3.17629,18.8239,2.49709,5.55022,4.95683,2.53064,LTE
9360990,-102.971,-102.928,-103.096,-103.271,-87.6413,-87.2064,-88.0252,-89.4729,-89.8446,-89.6453,-88.8385,-88.8406,-88.9528,-88.4601,-88.3559,-88.4104,-89.0653,-88.8278,-89.3593,-90,-90.2452,-89.1376,-88.9966,-89.2752,-89.8945,-89.068,-89.4465,-90.5699,-104.072,-104.005,-103.771,-103.889,4.02369,6.0574,4.20399,2.35139,26.8828,5.20108,4.61684,4.20535,6.60683,5.00064,5.89991,5.28121,3.34309,5.23576,4.5151,5.32873,2.58796,4.75251,7.39919,4.45505,3.91521,3.40771,6.76832,5.12992,4.72207,4.93424,6.45687,22.8996,4.10366,6.05563,3.01875,5.14936,LTE
4960760,-114.988,-116.863,-116.643,-116.08,-98.1471,-94.7516,-94.35,-96.8101,-97.9744,-96.207,-96.8289,-98.7727,-97.4708,-98.9728,-98.9291,-98.0521,-98.7434,-98.4968,-98.3635,-98.3144,-97.8232,-96.6478,-95.2789,-97.0035,-94.7189,-96.3511,-95.6643,-93.9709,-112.902,-117.091,-107.837,-99.7843,4.1854,6.86195,2.91086,4.27995,17.8433,3.84189,5.69401,3.46652,3.34782,4.93768,2.45229,2.96925,3.9707,3.04436,6.40778,5.87511,6.18005,4.89735,5.201,7.07446,4.39685,3.42484,3.8521,2.93261,7.20178,2.648,3.77348,18.126,6.51707,3.30327,10.3285,9.54017,LTE
4960760,-107.499,-108.779,-107.481,-107.754,-98.3312,-95.7692,-95.7097,-97.0268,-96.7666,-96.843,-95.9147,-97.7011,-97.6337,-98.2368,-100.501,-98.2502,-99.7188,-100.307,-101.018,-101.159,-97.7552,-97.915,-96.9436,-97.0358,-95.4286,-97.4018,-96.3616,-96.5727,-105.91,-107.93,-100.284,-89.0928,4.32085,4.10899,4.35001,4.50562,12.443,6.54662,4.91922,4.15871,5.26518,4.25357,6.8159,3.58635,3.97826,6.00045,4.04407,3.59547,5.66708,4.2481,4.16733,4.65881,6.9321,5.69714,3.9499,5.4637,8.02342,5.27581,5.32468,9.74121,4.74688,5.15233,11.2633,10.7392,LTE
4960760,-97.0719,-98.5011,-113.291,-113.844,-101.267,-93.9517,-88.4134,-87.5065,-88.1969,-88.32,-86.9025,-85.5098,-85.6238,-86.1919,-86.6022,-86.8944,-87.0022,-87.1402,-85.1432,-86.6285,-85.3656,-83.4493,-84.607,-83.9203,-83.6276,-85.8417,-91.7711,-101.399,-112.874,-114.134,-112.352,-112.632,5.45833,16.6422,5.03999,4.25723,10.468,7.45545,6.32425,5.17992,4.59073,1.86285,4.39076,3.87107,4.94611,6.11552,4.06523,3.83438,3.13338,4.24776,5.71133,2.98661,4.68879,6.24123,4.56442,7.23488,3.59422,6.91756,8.22608,13.0935,6.60872,2.56107,5.05283,5.44537,LTE
4960760,-112.083,-111.526,-113.331,-107.933,-92.34,-88.8614,-92.1347,-91.9264,-90.7979,-88.6183,-87.0893,-87.9497,-94.602,-95.1389,-95.5683,-95.8365,-95.067,-97.7284,-99.7759,-101.085,-101.057,-95.081,-90.9169,-87.9653,-87.2709,-85.5719,-86.0346,-86.3927,-113.934,-110.206,-101.078,-94.1541,5.38839,6.41936,4.88241,9.40372,14.8594,5.23778,3.77226,4.35986,3.15829,4.69037,5.82503,7.5471,5.19992,4.93482,3.30915,4.35015,3.80828,3.58121,6.05326,3.69422,5.40468,8.2496,5.26192,4.64017,3.49431,4.03394,5.92213,26.6461,1.83197,7.75038,11.3089,7.70009,LTE
18301600,-98.1914,-98.1548,-98.5784,-98.5034,-98.8363,-99.1003,-99.0048,-98.9576,-98.9893,-98.2602,-97.5774,-97.9032,-97.7761,-97.3265,-96.601,-93.5528,-93.3169,-95.5061,-96.9201,-97.3034,-96.9948,-96.5232,-96.2596,-96.4469,-96.2681,-96.3752,-96.3826,-96.379,-96.6718,-96.8137,-96.9091,-97.3644,4.80198,4.88584,5.0922,4.96553,4.89487,4.80636,4.88109,5.09629,4.81036,4.98295,4.82686,4.91195,4.83992,5.5877,5.70346,6.42815,5.78607,6.34768,5.44892,4.9523,5.03357,4.97265,5.17563,5.10395,4.93579,4.83291,4.9967,4.98384,4.90212,4.81248,5.0918,5.08977,LTE
20347500,-107.267,-101.545,-100.763,-97.3148,-95.0574,-94.4253,-92.6715,-92.6107,-91.225,-88.5707,-91.7229,-89.0061,-89.3913,-87.5504,-86.1921,-86.7016,-86.2397,-86.2503,-87.6254,-87.9963,-87.7978,-90.7617,-90.673,-91.8103,-95.13,-97.1534,-99.6294,-97.2615,-101.529,-104.191,-104.441,-107.184,5.28718,8.54957,5.1573,4.58334,4.781,6.72182,6.57847,4.57523,5.83834,7.6156,5.65887,9.20538,3.85037,5.13667,4.99911,6.3428,7.13411,5.92841,7.59026,3.60147,6.74044,3.77104,3.40756,6.44111,5.51241,5.86044,4.88335,4.52587,4.49319,4.8713,7.00864,4.66913,WIFI_2.4
19983200,-104.197,-98.033,-98.1773,-94.6461,-94.1917,-93.9655,-96.0203,-95.4579,-93.3726,-91.5551,-92.1805,-92.3582,-89.5703,-90.3737,-89.7059,-89.4992,-90.9721,-91.7735,-92.095,-91.9491,-90.6056,-92.4099,-94.9027,-95.0824,-98.9282,-98.1502,-102.732,-101.794,-104.859,-106.874,-106.994,-109.336,5.52002,8.74451,4.24908,5.00887,4.03004,4.76826,4.09914,3.1544,3.37707,4.60555,3.07864,3.26809,5.67918,3.49586,3.757,7.0045,4.3558,4.66332,4.5914,4.4777,7.36204,5.14082,4.51039,7.42204,6.27459,5.53151,4.08893,7.15043,6.93528,8.32174,7.22944,5.47099,WIFI_2.4
16535900,-105.166,-102.272,-99.2263,-99.3136,-96.7762,-97.5908,-97.0828,-94.7809,-95.0005,-94.8042,-94.8057,-95.0578,-92.8759,-94.2653,-95.7521,-93.8247,-93.9765,-93.2524,-93.9353,-94.1251,-94.8872,-92.9491,-94.6439,-95.4715,-95.1258,-94.6343,-96.9662,-97.9623,-101.995,-102.261,-102.141,-104.265,5.27974,5.13306,4.48799,4.10665,6.33885,4.10664,3.34578,5.57298,5.49801,5.53411,3.02377,4.0045,5.80558,3.91559,6.0364,6.86865,4.37158,4.79144,3.91882,3.23823,6.65063,7.31894,4.82292,4.3896,6.4304,7.52485,4.53284,5.76724,6.83759,4.72203,4.39922,4.01335,WIFI_2.4
16535900,-105.24,-97.7876,-95.056,-94.6909,-92.8532,-92.3014,-91.9103,-91.0259,-91.6334,-91.33,-91.6612,-90.6619,-88.857,-89.7075,-95.3849,-92.9104,-92.065,-93.3483,-92.6861,-91.8724,-90.0972,-87.8914,-87.2372,-86.272,-85.4305,-86.0455,-85.7543,-86.3921,-92.3115,-91.6281,-91.1246,-94.3577,5.87751,8.33251,5.01177,4.9694,5.20054,4.70936,5.15703,4.84084,4.88178,4.55586,4.96252,5.36381,5.16942,6.56107,6.44141,6.51387,4.92345,4.81172,4.99435,4.76065,5.16322,6.21885,4.57521,5.2842,4.82793,4.78196,5.45542,6.59505,9.54057,6.92653,5.39871,6.17754,WIFI_2.4
1.99271e+07,-94.3225,-95.726,-92.725,-92.3749,-91.6392,-87.2336,-88.9639,-85.3003,-84.6424,-85.4709,-87.691,-86.034,-83.7446,-81.7938,-84.0956,-83.7925,-84.4022,-86.1509,-85.3508,-89.0299,-90.4871,-92.4653,-96.7522,-93.4967,-102.199,-100.069,-99.3661,-103.327,-104.383,-105.4,-107.283,-107.861,5.97514,5.73263,4.72345,3.4201,6.0381,6.18612,5.97694,6.45254,3.70992,5.17867,7.15512,5.47012,3.35797,4.84383,6.10783,2.56188,3.48214,3.97363,6.09891,6.07121,5.43416,7.39008,4.41435,9.66762,6.40038,6.15149,6.63899,4.61959,5.02598,5.3105,4.4949,3.0949,WIFI_2.4
1.85258e+07,-95.1636,-93.763,-93.6349,-90.7133,-91.6883,-91.2713,-88.2442,-86.2827,-85.3344,-83.6555,-84.8889,-84.5658,-81.7115,-80.7561,-82.1783,-82.5063,-83.3934,-84.6865,-85.5793,-86.6226,-89.3506,-91.6101,-95.1698,-95.6702,-101.095,-102.559,-99.8518,-99.9529,-104.121,-103.223,-103.886,-106.071,3.61703,3.60937,3.94041,4.50093,4.36772,3.77009,6.07354,6.37357,5.29736,7.93114,5.8177,7.58065,4.50927,7.62644,4.60132,4.1971,6.27571,5.1959,4.76751,6.00421,4.12746,6.54669,6.09517,6.43446,7.05476,6.22852,4.82274,5.10063,2.9471,5.01714,7.27415,4.59651,WIFI_2.4
1.30373e+07,-92.1425,-89.8846,-88.6096,-88.1082,-87.051,-86.3949,-86.0648,-86.5824,-86.3078,-88.1586,-86.0789,-86.21,-87.1851,-92.5641,-85.648,-85.3876,-85.0457,-84.3975,-84.0029,-83.6928,-83.4083,-83.7924,-82.7511,-82.8695,-83.7394,-83.2498,-83.9459,-94.4907,-89.0694,-91.6122,-94.5106,-96.5186,7.10934,3.7071,5.98897,4.23441,4.23197,6.15691,4.81728,6.63876,5.60976,3.71287,7.06566,5.24786,8.29932,9.40034,4.42262,5.91972,5.33855,4.11012,5.35049,5.24891,4.54808,5.34293,4.8987,5.47129,2.86167,5.19006,10.0076,5.45569,3.80794,6.27024,6.1343,6.09752,WIFI_2.4
1.42343e+07,-105.464,-95.7746,-92.8522,-92.3612,-90.8486,-91.3467,-89.3508,-89.027,-91.2342,-89.7778,-90.3557,-90.9405,-88.8543,-91.6865,-96.0631,-93.1759,-88.6559,-88.3604,-90.6793,-87.8893,-88.4494,-85.5433,-85.6252,-88.5095,-84.753,-86.2724,-87.8373,-86.0623,-93.3962,-91.8247,-91.4443,-97.8694,3.63638,7.93574,5.05415,5.39839,4.71362,3.49163,5.83748,5.45831,4.57353,6.18777,6.87328,6.97006,6.40603,5.79549,5.22482,6.3401,6.11952,5.66151,6.43437,5.09717,5.2852,7.0536,5.90096,4.37044,6.50275,7.84485,4.19383,6.1155,8.40333,10.561,9.70438,3.58105,WIFI_2.4
1.43068e+07,-102.568,-95.4652,-91.95,-91.4047,-89.8575,-89.131,-88.8155,-88.3089,-89.0203,-89.2954,-90.0503,-90.3351,-88.5617,-89.215,-93.164,-90.3411,-88.2217,-88.713,-88.2692,-87.5153,-87.4838,-86.6007,-86.5647,-86.2424,-85.6603,-86.3272,-86.4565,-87.3465,-92.0296,-92.9326,-92.3781,-95.1127,6.04492,8.80822,5.27018,5.05026,5.14184,4.85248,4.98219,5.08384,4.90746,4.79386,5.48741,5.20667,5.62572,5.90167,6.99466,7.48829,5.1454,4.90578,4.86694,5.16658,4.88772,5.37078,4.78425,4.81503,5.14919,4.86098,5.18797,6.18322,9.90629,7.46953,5.37057,6.32235,WIFI_2.4
1.65078e+07,-102.61,-94.7151,-90.3594,-90.1106,-87.3153,-87.0766,-86.7668,-85.5554,-85.8764,-85.6964,-86.0348,-84.683,-83.0554,-83.0847,-88.8981,-84.9549,-83.2445,-84.4069,-83.6134,-83.9137,-85.2439,-85.0569,-85.146,-84.7781,-83.9573,-84.808,-83.817,-83.56,-90.1437,-89.9848,-88.6977,-90.9051,5.68179,11.1215,6.4279,4.63721,6.12382,5.87372,5.47762,5.81918,5.65874,5.61753,5.71954,6.91936,6.32906,8.75616,8.04479,8.63087,5.74067,5.29002,5.80725,6.20249,5.87098,6.92542,5.12319,6.45681,6.42355,5.3074,6.67763,7.57081,10.9013,8.18026,5.64307,9.09204,WIFI_2.4
1.54148e+07,-106.09,-98.1299,-93.7794,-92.2978,-90.4263,-88.6137,-88.6618,-88.5872,-87.7195,-88.9465,-89.3802,-88.0462,-86.2621,-85.5186,-91.4375,-86.0631,-85.3478,-87.0038,-85.5944,-87.1369,-87.608,-86.6382,-87.2691,-85.3975,-85.9603,-86.5858,-85.3332,-85.9864,-92.1954,-91.8369,-92.032,-93.7476,6.97719,8.03655,3.63084,3.11533,6.4927,3.82605,3.86682,4.54536,5.56782,8.66767,2.92007,6.08352,7.2016,5.51248,5.27412,9.68871,3.87199,6.28529,4.11755,6.26264,3.56551,3.80315,4.57259,4.91345,4.59802,2.97535,3.36173,7.35006,9.9628,6.6571,3.66373,6.83993,WIFI_2.4
1.77691e+07,-102.06,-100.253,-101.79,-95.0824,-92.5756,-91.693,-89.9846,-88.7024,-88.7413,-88.8581,-88.0241,-87.6291,-88.2804,-88.1076,-87.2381,-86.3994,-90.5303,-89.9139,-87.8396,-88.0519,-88.9434,-88.9913,-89.3739,-88.6152,-88.3508,-87.7156,-87.6966,-88.8713,-89.0239,-89.8211,-93.0425,-95.1609,4.7172,3.95758,3.02074,8.80035,6.0388,3.57374,5.17578,5.75971,5.09626,6.35323,3.01575,5.52586,4.30314,4.64039,5.2589,3.66124,7.58284,8.06671,4.89835,7.42305,3.86713,5.91784,5.95721,3.66823,5.43873,5.4502,4.59225,5.24682,3.3975,4.52768,9.41944,6.58972,WIFI_2.4
1.60314e+07,-103.228,-99.6673,-94.7559,-94.7944,-91.9393,-89.6619,-88.3144,-87.2829,-87.848,-88.1974,-87.9389,-88.2995,-86.8319,-87.9474,-92.7056,-91.3734,-89.13,-88.6167,-88.6474,-88.0591,-88.0214,-86.9587,-85.5844,-84.5232,-83.4,-83.8582,-83.9539,-83.2976,-86.7334,-90.1852,-89.6495,-92.3137,6.78743,8.46725,6.13825,5.02252,5.12331,5.33696,4.86546,3.81396,6.19678,2.12641,4.27814,4.65141,3.87337,4.53001,8.30473,9.33395,5.81624,1.78811,6.22018,4.16836,3.21712,6.00326,3.14587,4.57182,4.00169,3.17593,5.89154,4.79263,11.7977,11.7619,2.6098,6.80739,WIFI_2.4
1.60314e+07,-101.95,-94.5041,-90.4497,-90.9875,-89.8405,-86.7245,-87.7818,-85.7962,-86.1498,-87.5188,-87.312,-87.0798,-87.3329,-85.6236,-94.6688,-86.7969,-88.6093,-88.4114,-86.6239,-87.7448,-85.7847,-84.8572,-85.113,-81.7868,-83.1618,-81.9368,-81.1356,-84.0054,-92.4771,-88.7125,-88.8463,-90.6129,8.43041,9.23926,7.23949,3.99857,5.15811,7.92323,4.2094,4.53288,8.26392,4.589,8.1916,5.16311,3.08504,10.33,4.24384,9.98538,2.9117,4.4167,8.988,4.43627,7.62074,4.66676,5.07162,8.37393,4.94333,5.35813,7.90015,6.82224,10.176,6.56059,4.51816,7.92652,WIFI_2.4
